ticker,short_name,currency,exchange,quote_type,sector,industry,market_cap,enterprise_value,trailing_pe,forward_pe,price_to_book,profit_margins,revenue_growth,earnings_growth,last_close_5d,fifty_two_week_high,fifty_two_week_low,cik,sec_edgar_url,sec_company_search_url,regulatory_lookup_url,data_source
NVDA,NVIDIA Corporation,USD,NMS,EQUITY,Technology,Semiconductors,5457368842240.0,5677338066944.0,45.983673,19.820166,34.814587,0.55603,0.732,0.956,225.320007,236.54,129.16,,,https://www.sec.gov/edgar/searchedgar/companysearch.html?q=NVDA,,yfinance (indicative)
AMD,"Advanced Micro Devices, Inc.",USD,NMS,EQUITY,Technology,Semiconductors,691537707008.0,724805091328.0,140.89702,32.73839,10.723949,0.13374,0.378,0.912,424.100006,469.22,107.67,,,https://www.sec.gov/edgar/searchedgar/companysearch.html?q=AMD,,yfinance (indicative)
AVGO,Broadcom Inc.,USD,NMS,EQUITY,Technology,Semiconductors,2013133668352.0,2134142746624.0,82.561165,23.247448,25.211386,0.36572,0.295,0.316,425.190002,442.36,221.6,,,https://www.sec.gov/edgar/searchedgar/companysearch.html?q=AVGO,,yfinance (indicative)
MU,"Micron Technology, Inc.",USD,NMS,EQUITY,Technology,Semiconductors,817223696384.0,871341883392.0,34.198204,7.064195,11.281037,0.41486,1.963,7.56,724.659973,818.67,90.93,,,https://www.sec.gov/edgar/searchedgar/companysearch.html?q=MU,,yfinance (indicative)
ANET,"Arista Networks, Inc.",USD,NYQ,EQUITY,Technology,Computer Hardware,178764283904.0,173769539584.0,48.78694,31.93581,13.254598,0.38317,0.351,0.25,141.970001,179.8,83.858,,,https://www.sec.gov/edgar/searchedgar/companysearch.html?q=ANET,,yfinance (indicative)
VRT,"Vertiv Holdings, LLC",USD,NYQ,EQUITY,Industrials,Electrical Equipment & Parts,142481326080.0,145277665280.0,92.96742,42.143173,36.003105,0.14372,0.301,1.357,370.940002,379.935,101.0,,,https://www.sec.gov/edgar/searchedgar/companysearch.html?q=VRT,,yfinance (indicative)
LRCX,Lam Research Corporation,USD,NMS,EQUITY,Technology,Semiconductor Equipment & Materials,356062593024.0,373091860480.0,53.822308,35.98157,33.638943,0.30939,0.238,0.408,284.720001,302.0,79.49,,,https://www.sec.gov/edgar/searchedgar/companysearch.html?q=LRCX,,yfinance (indicative)
AMAT,"Applied Materials, Inc.",USD,NMS,EQUITY,Technology,Semiconductor Equipment & Materials,346505936896.0,348311748608.0,44.827515,28.81341,15.955418,0.27784,-0.021,0.752,436.619995,448.45,153.47,,,https://www.sec.gov/edgar/searchedgar/companysearch.html?q=AMAT,,yfinance (indicative)
KLAC,KLA Corporation,USD,NMS,EQUITY,Technology,Semiconductor Equipment & Materials,235693834240.0,248457478144.0,50.969486,36.224842,43.2919,0.35662,0.115,0.118,1804.319946,1939.36,740.44,,,https://www.sec.gov/edgar/searchedgar/companysearch.html?q=KLAC,,yfinance (indicative)
SNPS,"Synopsys, Inc.",USD,NMS,EQUITY,Technology,Software - Infrastructure,96244596736.0,106364715008.0,76.94028,29.468365,3.148666,0.13756,0.655,-0.82,502.420013,651.73,376.18,,,https://www.sec.gov/edgar/searchedgar/companysearch.html?q=SNPS,,yfinance (indicative)
TSM,Taiwan Semiconductor Manufactur,USD,NYQ,EQUITY,Technology,Semiconductors,2097120935936.0,8506629947392.0,34.708157,20.95927,89.48858,0.46505,0.351,0.584,404.350006,421.97,188.81,,,https://www.sec.gov/edgar/searchedgar/companysearch.html?q=TSM,,yfinance (indicative)
ARM,Arm Holdings plc,USD,NMS,EQUITY,Technology,Semiconductors,222545952768.0,239498002432.0,246.07059,68.5054,28.484272,0.17148,0.201,0.457,209.160004,239.5,100.02,,,https://www.sec.gov/edgar/searchedgar/companysearch.html?q=ARM,,yfinance (indicative)
MRVL,"Marvell Technology, Inc.",USD,NMS,EQUITY,Technology,Semiconductors,154876592128.0,161781186560.0,57.618893,32.611984,10.474922,0.32584,0.221,1.063,176.889999,192.15,58.61,,,https://www.sec.gov/edgar/searchedgar/companysearch.html?q=MRVL,,yfinance (indicative)
CDNS,"Cadence Design Systems, Inc.",USD,NMS,EQUITY,Technology,Software - Application,95774343168.0,98856116224.0,80.75348,37.016506,14.397545,0.2118,0.187,0.23,347.23999,376.45,262.75,,,https://www.sec.gov/edgar/searchedgar/companysearch.html?q=CDNS,,yfinance (indicative)
ASML,ASML Holding N.V. - New York Re,USD,NMS,EQUITY,Technology,Semiconductor Equipment & Materials,578824110080.0,604999450624.0,49.369167,31.342278,1315.5376,0.29713,0.132,0.192,1501.810059,1603.49,683.48,,,https://www.sec.gov/edgar/searchedgar/companysearch.html?q=ASML,,yfinance (indicative)
ALAB,"Astera Labs, Inc.",USD,NMS,EQUITY,Technology,Semiconductors,39883198464.0,38048088064.0,156.16107,55.71172,26.677366,0.26724,0.934,1.444,232.679993,262.9,84.78,,,https://www.sec.gov/edgar/searchedgar/companysearch.html?q=ALAB,,yfinance (indicative)
MPWR,"Monolithic Power Systems, Inc.",USD,NMS,EQUITY,Technology,Semiconductors,76152479744.0,77947207680.0,110.40028,51.39518,20.707798,0.22984,0.261,0.395,1550.02002,1675.42,643.36,,,https://www.sec.gov/edgar/searchedgar/companysearch.html?q=MPWR,,yfinance (indicative)
COHR,Coherent Corp.,USD,NYQ,EQUITY,Technology,Scientific & Technical Instruments,74822262784.0,80562274304.0,181.25594,47.713806,7.00445,0.07102,0.205,,382.450012,413.0,73.66,,,https://www.sec.gov/edgar/searchedgar/companysearch.html?q=COHR,,yfinance (indicative)
AMKR,"Amkor Technology, Inc.",USD,NMS,EQUITY,Technology,Semiconductor Equipment & Materials,17437831168.0,17673744384.0,40.431034,29.684044,3.845733,0.06168,0.275,2.856,70.349998,79.23,17.79,,,https://www.sec.gov/edgar/searchedgar/companysearch.html?q=AMKR,,yfinance (indicative)
SMCI,"Super Micro Computer, Inc.",USD,NMS,EQUITY,Technology,Computer Hardware,18668029952.0,27711135744.0,16.336843,9.639662,2.464079,0.03701,1.227,3.26,31.040001,62.36,19.48,,,https://www.sec.gov/edgar/searchedgar/companysearch.html?q=SMCI,,yfinance (indicative)
VST,Vistra Corp.,USD,NYQ,EQUITY,Utilities,Utilities - Independent Power Producers,47097643008.0,69603188736.0,23.396984,12.375451,18.01625,0.11525,0.434,,139.679993,219.82,137.83,,,https://www.sec.gov/edgar/searchedgar/companysearch.html?q=VST,,yfinance (indicative)
NEE,"NextEra Energy, Inc.",USD,NYQ,EQUITY,Utilities,Utilities - Regulated Electric,194687483904.0,313340461056.0,23.69543,21.263996,3.525547,0.29369,0.073,1.6,93.360001,98.75,63.88,,,https://www.sec.gov/edgar/searchedgar/companysearch.html?q=NEE,,yfinance (indicative)
XEL,Xcel Energy Inc.,USD,NMS,EQUITY,Utilities,Utilities - Regulated Electric,48643084288.0,87435296768.0,22.45533,17.193558,2.058163,0.14144,0.029,0.06,77.919998,84.23,65.21,,,https://www.sec.gov/edgar/searchedgar/companysearch.html?q=XEL,,yfinance (indicative)
WEC,"WEC Energy Group, Inc.",USD,NYQ,EQUITY,Utilities,Utilities - Regulated Electric,35556212736.0,59074514944.0,21.875753,18.18091,2.609673,0.16239,0.09,0.079,109.160004,119.62,102.49,,,https://www.sec.gov/edgar/searchedgar/companysearch.html?q=WEC,,yfinance (indicative)
SO,Southern Company (The),USD,NYQ,EQUITY,Utilities,Utilities - Regulated Electric,104331722752.0,183419568128.0,23.670076,18.818663,2.810507,0.14459,0.08,-0.008,92.550003,100.84,83.8,,,https://www.sec.gov/edgar/searchedgar/companysearch.html?q=SO,,yfinance (indicative)
DUK,Duke Energy Corporation (Holdin,USD,NYQ,EQUITY,Utilities,Utilities - Regulated Electric,94292164608.0,188974612480.0,18.607693,16.874216,1.759375,0.15706,0.113,0.12,120.949997,134.49,113.39,,,https://www.sec.gov/edgar/searchedgar/companysearch.html?q=DUK,,yfinance (indicative)
CEG,Constellation Energy Corporatio,USD,NMS,EQUITY,Utilities,Utilities - Independent Power Producers,96509984768.0,121360179200.0,23.214596,19.695951,2.891681,0.12693,0.638,10.91,267.200012,412.7,243.3,,,https://www.sec.gov/edgar/searchedgar/companysearch.html?q=CEG,,yfinance (indicative)
ENPH,"Enphase Energy, Inc.",USD,NGM,EQUITY,Technology,Solar,6970807808.0,6009118720.0,52.366337,21.667706,6.322774,0.09644,-0.206,,52.889999,53.8917,25.78,,,https://www.sec.gov/edgar/searchedgar/companysearch.html?q=ENPH,,yfinance (indicative)
FSLR,"First Solar, Inc.",USD,NMS,EQUITY,Technology,Solar,25076389888.0,23048910848.0,15.085326,9.708915,2.625586,0.30731,0.236,0.651,233.369995,285.99,135.5,,,https://www.sec.gov/edgar/searchedgar/companysearch.html?q=FSLR,,yfinance (indicative)
PWR,"Quanta Services, Inc.",USD,NYQ,EQUITY,Industrials,Engineering & Construction,115544809472.0,123112177664.0,106.20551,46.9361,12.774829,0.03668,0.263,0.51,769.98999,788.75,320.56,,,https://www.sec.gov/edgar/searchedgar/companysearch.html?q=PWR,,yfinance (indicative)
GEV,GE Vernova Inc.,USD,NYQ,EQUITY,Industrials,Specialty Industrial Machinery,281949077504.0,288173228032.0,30.643398,42.373116,20.251886,0.2381,0.163,18.165,1049.22998,1181.95,421.638,,,https://www.sec.gov/edgar/searchedgar/companysearch.html?q=GEV,,yfinance (indicative)
MTZ,"MasTec, Inc.",USD,NYQ,EQUITY,Industrials,Engineering & Construction,32784799744.0,36776448000.0,72.789474,35.422333,9.911137,0.02945,0.345,5.08,414.899994,441.43,145.46,,,https://www.sec.gov/edgar/searchedgar/companysearch.html?q=MTZ,,yfinance (indicative)
CCJ,Cameco Corporation,USD,NYQ,EQUITY,Energy,Uranium,46824153088.0,48903102464.0,98.633026,55.561943,9.084754,0.18389,0.071,0.875,107.510002,135.24,50.03,,,https://www.sec.gov/edgar/searchedgar/companysearch.html?q=CCJ,,yfinance (indicative)
FLNC,"Fluence Energy, Inc.",USD,NMS,EQUITY,Utilities,Utilities - Renewable,3828133120.0,2885805568.0,,161.02025,7.492785,-0.01617,0.077,,20.77,33.51,4.403,,,https://www.sec.gov/edgar/searchedgar/companysearch.html?q=FLNC,,yfinance (indicative)
ARRY,"Array Technologies, Inc.",USD,NGM,EQUITY,Technology,Solar,1379822720.0,2370752256.0,,9.916753,-6.43472,-0.05558,-0.261,,8.97,12.23,5.39,,,https://www.sec.gov/edgar/searchedgar/companysearch.html?q=ARRY,,yfinance (indicative)
PANW,"Palo Alto Networks, Inc.",USD,NMS,EQUITY,Technology,Software - Infrastructure,196935139328.0,190302355456.0,134.16023,61.164707,18.174538,0.12957,0.149,0.605,242.830002,245.8,139.57,,,https://www.sec.gov/edgar/searchedgar/companysearch.html?q=PANW,,yfinance (indicative)
CRWD,"CrowdStrike Holdings, Inc.",USD,NMS,EQUITY,Technology,Software - Infrastructure,151215063040.0,142717665280.0,,96.25218,33.990158,-0.03377,0.233,,594.080017,598.2499,342.72,,,https://www.sec.gov/edgar/searchedgar/companysearch.html?q=CRWD,,yfinance (indicative)
FTNT,"Fortinet, Inc.",USD,NMS,EQUITY,Technology,Software - Infrastructure,89954566144.0,86552829952.0,47.58915,35.8237,91.083084,0.27491,0.201,0.286,122.779999,123.33,70.12,,,https://www.sec.gov/edgar/searchedgar/companysearch.html?q=FTNT,,yfinance (indicative)
ZS,"Zscaler, Inc.",USD,NMS,EQUITY,Technology,Software - Infrastructure,25895344128.0,23067217920.0,,35.104736,11.776105,-0.02253,0.259,,161.050003,336.99,114.625,,,https://www.sec.gov/edgar/searchedgar/companysearch.html?q=ZS,,yfinance (indicative)
OKTA,"Okta, Inc.",USD,NMS,EQUITY,Technology,Software - Infrastructure,14513425408.0,12234767360.0,63.183205,19.549442,2.097408,0.08051,0.116,1.708,82.769997,127.567,62.66,,,https://www.sec.gov/edgar/searchedgar/companysearch.html?q=OKTA,,yfinance (indicative)
GEN,Gen Digital Inc.,USD,NMS,EQUITY,Technology,Software - Infrastructure,14202815488.0,21739360256.0,14.936306,7.129046,5.406964,0.1946,0.27,2.652,23.450001,32.22,17.78,,,https://www.sec.gov/edgar/searchedgar/companysearch.html?q=GEN,,yfinance (indicative)
CHKP,Check Point Software Technologi,USD,NMS,EQUITY,Technology,Software - Infrastructure,12902568960.0,11794875392.0,12.760287,10.851516,4.614212,0.38374,0.048,0.058,124.029999,233.78,112.23,,,https://www.sec.gov/edgar/searchedgar/companysearch.html?q=CHKP,,yfinance (indicative)
QLYS,"Qualys, Inc.",USD,NMS,EQUITY,Technology,Software - Infrastructure,3170234880.0,2635252992.0,16.16158,10.897474,5.588527,0.29412,0.098,0.101,90.019997,155.47,74.51,,,https://www.sec.gov/edgar/searchedgar/companysearch.html?q=QLYS,,yfinance (indicative)
TENB,"Tenable Holdings, Inc.",USD,NMS,EQUITY,Technology,Software - Infrastructure,2369744640.0,2316600832.0,,9.921147,7.800363,-0.01151,0.096,,21.49,35.69,15.73,,,https://www.sec.gov/edgar/searchedgar/companysearch.html?q=TENB,,yfinance (indicative)
S,"SentinelOne, Inc.",USD,NYQ,EQUITY,Technology,Software - Infrastructure,5757388800.0,5004297728.0,,35.357033,3.962397,-0.45016,0.202,,16.860001,21.4,11.81,,,https://www.sec.gov/edgar/searchedgar/companysearch.html?q=S,,yfinance (indicative)
NET,"Cloudflare, Inc.",USD,NYQ,EQUITY,Technology,Software - Infrastructure,69830787072.0,69986746368.0,,129.54074,47.63926,-0.03725,0.335,,197.559998,260.0,152.41,,,https://www.sec.gov/edgar/searchedgar/companysearch.html?q=NET,,yfinance (indicative)
ROK,"Rockwell Automation, Inc.",USD,NYQ,EQUITY,Industrials,Specialty Industrial Machinery,49933070336.0,54486011904.0,46.59813,31.046978,14.282895,0.12358,0.119,0.396,448.73999,463.49,298.7,,,https://www.sec.gov/edgar/searchedgar/companysearch.html?q=ROK,,yfinance (indicative)
ETN,"Eaton Corporation, PLC",USD,NYQ,EQUITY,Industrials,Specialty Industrial Machinery,155102560256.0,179591233536.0,39.160786,25.403318,7.862838,0.13986,0.168,-0.094,399.440002,435.43,311.9,,,https://www.sec.gov/edgar/searchedgar/companysearch.html?q=ETN,,yfinance (indicative)
HON,Honeywell International Inc.,USD,NMS,EQUITY,Industrials,Conglomerates,135120191488.0,164396957696.0,34.00957,18.596264,9.942649,0.1089,0.024,-0.419,213.240005,248.18,186.76,,,https://www.sec.gov/edgar/searchedgar/companysearch.html?q=HON,,yfinance (indicative)
CAT,"Caterpillar, Inc.",USD,NYQ,EQUITY,Industrials,Farm & Heavy Construction Machinery,409148456960.0,463636398080.0,44.282654,29.890224,21.927624,0.13328,0.222,0.302,888.309998,931.35,336.24,,,https://www.sec.gov/edgar/searchedgar/companysearch.html?q=CAT,,yfinance (indicative)
DE,Deere & Company,USD,NYQ,EQUITY,Industrials,Farm & Heavy Construction Machinery,151754391552.0,194860449792.0,31.634573,24.41056,5.770112,0.10302,-0.111,-0.085,561.830017,674.19,433.0,,,https://www.sec.gov/edgar/searchedgar/companysearch.html?q=DE,,yfinance (indicative)
EMR,Emerson Electric Company,USD,NYQ,EQUITY,Industrials,Specialty Industrial Machinery,74521305088.0,89508585472.0,30.79861,18.5924,3.670446,0.13354,0.029,0.279,133.050003,165.15,114.83,,,https://www.sec.gov/edgar/searchedgar/companysearch.html?q=EMR,,yfinance (indicative)
PH,Parker-Hannifin Corporation,USD,NYQ,EQUITY,Industrials,Specialty Industrial Machinery,108777250816.0,120124235776.0,31.811207,25.346527,7.608766,0.16582,0.106,-0.042,862.719971,1034.96,637.21,,,https://www.sec.gov/edgar/searchedgar/companysearch.html?q=PH,,yfinance (indicative)
IR,Ingersoll Rand Inc.,USD,NYQ,EQUITY,Industrials,Specialty Industrial Machinery,27530545152.0,31830112256.0,47.533783,18.29173,2.705353,0.07544,0.076,0.065,70.349998,100.96,70.23,,,https://www.sec.gov/edgar/searchedgar/companysearch.html?q=IR,,yfinance (indicative)
ITW,Illinois Tool Works Inc.,USD,NYQ,EQUITY,Industrials,Specialty Industrial Machinery,71257530368.0,80468525056.0,23.018587,20.346016,22.163757,0.19321,0.046,0.118,247.679993,303.16,238.82,,,https://www.sec.gov/edgar/searchedgar/companysearch.html?q=ITW,,yfinance (indicative)
TT,Trane Technologies plc,USD,NYQ,EQUITY,Industrials,Building Products & Equipment,103144480768.0,110039195648.0,35.61832,27.39377,12.045332,0.13415,0.06,-0.021,466.600006,503.47,348.06,,,https://www.sec.gov/edgar/searchedgar/companysearch.html?q=TT,,yfinance (indicative)
TER,"Teradyne, Inc.",USD,NMS,EQUITY,Technology,Semiconductor Equipment & Materials,52892467200.0,55651909632.0,62.802975,35.51689,18.864386,0.22553,0.87,3.148,337.880005,422.11,75.99,,,https://www.sec.gov/edgar/searchedgar/companysearch.html?q=TER,,yfinance (indicative)
CGNX,Cognex Corporation,USD,NMS,EQUITY,Technology,Scientific & Technical Instruments,10694114304.0,10775922688.0,75.6,36.86853,7.235672,0.13618,0.243,1.223,64.260002,71.9,29.0,,,https://www.sec.gov/edgar/searchedgar/companysearch.html?q=CGNX,,yfinance (indicative)
LLY,Eli Lilly and Company,USD,NYQ,EQUITY,Healthcare,Drug Manufacturers - General,896128712704.0,935804076032.0,35.6481,22.615337,28.78025,0.34986,0.555,1.699,1004.919983,1133.95,623.78,,,https://www.sec.gov/edgar/searchedgar/companysearch.html?q=LLY,,yfinance (indicative)
ISRG,"Intuitive Surgical, Inc.",USD,NMS,EQUITY,Healthcare,Medical Instruments & Supplies,149145059328.0,147208339456.0,51.23114,35.720707,8.540775,0.28152,0.23,0.188,421.119995,603.88,417.74,,,https://www.sec.gov/edgar/searchedgar/companysearch.html?q=ISRG,,yfinance (indicative)
VRTX,Vertex Pharmaceuticals Incorpor,USD,NMS,EQUITY,Healthcare,Biotechnology,110900281344.0,109056294912.0,25.931751,20.265053,5.735833,0.35507,0.078,0.614,436.950012,507.92,362.5,,,https://www.sec.gov/edgar/searchedgar/companysearch.html?q=VRTX,,yfinance (indicative)
BSX,Boston Scientific Corporation,USD,NYQ,EQUITY,Healthcare,Medical Devices,78301192192.0,89410322432.0,22.04184,13.995824,3.027238,0.17294,0.116,1.0,52.68,109.5,52.52,,,https://www.sec.gov/edgar/searchedgar/companysearch.html?q=BSX,,yfinance (indicative)
DXCM,"DexCom, Inc.",USD,NMS,EQUITY,Healthcare,Medical Devices,23781353472.0,21280776192.0,26.450645,20.222803,8.043591,0.19311,0.15,0.922,61.630001,89.98,54.11,,,https://www.sec.gov/edgar/searchedgar/companysearch.html?q=DXCM,,yfinance (indicative)
AMGN,Amgen Inc.,USD,NMS,EQUITY,Healthcare,Drug Manufacturers - General,176207396864.0,226751119360.0,22.723537,13.907789,19.163143,0.20956,0.058,0.044,326.309998,391.29,267.73,,,https://www.sec.gov/edgar/searchedgar/companysearch.html?q=AMGN,,yfinance (indicative)
REGN,"Regeneron Pharmaceuticals, Inc.",USD,NMS,EQUITY,Healthcare,Biotechnology,73203851264.0,66479202304.0,17.034641,12.963447,2.291989,0.29648,0.19,-0.072,698.25,821.11,476.49,,,https://www.sec.gov/edgar/searchedgar/companysearch.html?q=REGN,,yfinance (indicative)
SYK,Stryker Corporation,USD,NYQ,EQUITY,Healthcare,Medical Devices,117599756288.0,129389543424.0,35.463585,18.355389,5.233562,0.13205,0.026,0.142,306.76001,404.87,281.0,,,https://www.sec.gov/edgar/searchedgar/companysearch.html?q=SYK,,yfinance (indicative)
TMO,Thermo Fisher Scientific Inc,USD,NYQ,EQUITY,Healthcare,Diagnostics & Research,162896560128.0,206597455872.0,24.084614,16.045395,3.087858,0.15151,0.062,0.113,438.339996,643.99,385.46,,,https://www.sec.gov/edgar/searchedgar/companysearch.html?q=TMO,,yfinance (indicative)
VEEV,Veeva Systems Inc.,USD,NYQ,EQUITY,Healthcare,Health Information Services,25925746688.0,19055503360.0,29.202206,16.072474,3.606193,0.28445,0.16,0.232,158.860001,310.5,148.05,,,https://www.sec.gov/edgar/searchedgar/companysearch.html?q=VEEV,,yfinance (indicative)
EW,Edwards Lifesciences Corporatio,USD,NYQ,EQUITY,Healthcare,Medical Devices,46858600448.0,43866972160.0,43.989185,24.197266,4.571396,0.1739,0.167,0.082,81.379997,87.89,72.3,,,https://www.sec.gov/edgar/searchedgar/companysearch.html?q=EW,,yfinance (indicative)
PODD,Insulet Corporation,USD,NMS,EQUITY,Healthcare,Medical Devices,10213769216.0,10831872000.0,34.45327,18.284897,6.850321,0.10438,0.339,1.59,147.460007,354.88,145.59,,,https://www.sec.gov/edgar/searchedgar/companysearch.html?q=PODD,,yfinance (indicative)
MRNA,"Moderna, Inc.",USD,NMS,EQUITY,Healthcare,Biotechnology,19458398208.0,15944216576.0,,-11.7841,2.233761,-1.43551,2.602,,49.040001,59.55,22.28,,,https://www.sec.gov/edgar/searchedgar/companysearch.html?q=MRNA,,yfinance (indicative)
IONQ,"IonQ, Inc.",USD,NYQ,EQUITY,Technology,Computer Hardware,19391373312.0,19462529024.0,133.20514,-49.836437,4.957534,1.74881,7.547,,51.950001,84.64,25.89,,,https://www.sec.gov/edgar/searchedgar/companysearch.html?q=IONQ,,yfinance (indicative)
RGTI,"Rigetti Computing, Inc.",USD,NCM,EQUITY,Technology,Computer Hardware,5933319168.0,5993862144.0,,-87.78833,10.824742,0.0,1.989,,17.85,58.15,10.3,,,https://www.sec.gov/edgar/searchedgar/companysearch.html?q=RGTI,,yfinance (indicative)
QBTS,D-Wave Quantum Inc.,USD,NYQ,EQUITY,Technology,Computer Hardware,7538178048.0,7644615168.0,,-54.50942,8.564815,0.0,-0.809,,20.35,46.75,11.32,,,https://www.sec.gov/edgar/searchedgar/companysearch.html?q=QBTS,,yfinance (indicative)
QUBT,Quantum Computing Inc.,USD,NCM,EQUITY,Technology,Computer Hardware,2369245184.0,1664858368.0,,-48.483868,1.483129,0.0,93.641,,10.505,25.84,6.18,,,https://www.sec.gov/edgar/searchedgar/companysearch.html?q=QUBT,,yfinance (indicative)
ARQQ,Arqit Quantum Inc.,USD,NCM,EQUITY,Technology,Software - Infrastructure,208795808.0,180832288.0,,-12.584907,7.490174,0.0,,,13.34,62.0,11.52,,,https://www.sec.gov/edgar/searchedgar/companysearch.html?q=ARQQ,,yfinance (indicative)
LAES,SEALSQ Corp,USD,NMS,EQUITY,Technology,Semiconductors,639361344.0,195288560.0,,-19.133331,1.237602,-1.87344,1.182,,2.87,8.71,1.99,,,https://www.sec.gov/edgar/searchedgar/companysearch.html?q=LAES,,yfinance (indicative)
HOLO,MicroCloud Hologram Inc.,USD,NCM,EQUITY,Technology,Electronic Components,38721888.0,-2646773504.0,,,0.099227,-0.13058,0.51,,1.69,11.82,1.535,,,https://www.sec.gov/edgar/searchedgar/companysearch.html?q=HOLO,,yfinance (indicative)
IBM,International Business Machines,USD,NYQ,EQUITY,Technology,Information Technology Services,206116847616.0,263342751744.0,19.424269,16.3003,6.250891,0.15606,0.095,0.142,219.300003,324.9,212.34,,,https://www.sec.gov/edgar/searchedgar/companysearch.html?q=IBM,,yfinance (indicative)
APLD,Applied Digital Corporation,USD,NMS,EQUITY,Technology,Information Technology Services,12162352128.0,15431560192.0,,-60.800003,7.680924,-0.59472,1.393,,42.560001,47.79,5.75,,,https://www.sec.gov/edgar/searchedgar/companysearch.html?q=APLD,,yfinance (indicative)
FORM,"FormFactor, Inc.",USD,NMS,EQUITY,Technology,Semiconductor Equipment & Materials,9843348480.0,9706041344.0,145.13792,45.339314,9.296864,0.08138,0.32,2.25,126.269997,159.09,26.08,,,https://www.sec.gov/edgar/searchedgar/companysearch.html?q=FORM,,yfinance (indicative)
ET,Energy Transfer LP,USD,NYQ,EQUITY,Energy,Oil & Gas Midstream,69339357184.0,159130009600.0,16.791666,13.197278,2.235164,0.04724,0.321,-0.036,20.15,20.67,16.18,,,https://www.sec.gov/edgar/searchedgar/companysearch.html?q=ET,,yfinance (indicative)
RR.L,ROLLS-ROYCE HOLDINGS PLC ORD SH,GBp,LSE,EQUITY,Industrials,Aerospace & Defense,94707408896.0,93609500672.0,16.521738,26.34559,34.969322,0.27543,0.166,0.041,1140.0,1420.0,802.0,,,https://www.sec.gov/edgar/searchedgar/companysearch.html?q=RR.L,https://www.google.com/search?q=RR%20site%3Alondonstockexchange.com,yfinance (indicative)
NGG,"National Grid Transco, PLC Nati",USD,NYQ,EQUITY,Utilities,Utilities - Regulated Electric,80245620736.0,479153389568.0,19.960396,12.396503,8.065299,0.18324,0.02,0.144,80.639999,94.64,67.52,,,https://www.sec.gov/edgar/searchedgar/companysearch.html?q=NGG,,yfinance (indicative)
SSE.L,SSE PLC ORD 50P,GBp,LSE,EQUITY,Utilities,Utilities - Diversified,27374446592.0,37941293056.0,26.103447,12.408818,2.528953,0.09309,0.039,-0.445,2271.0,2767.5,1597.0,,,https://www.sec.gov/edgar/searchedgar/companysearch.html?q=SSE.L,https://www.google.com/search?q=SSE%20site%3Alondonstockexchange.com,yfinance (indicative)
ENR.DE,Siemens Energy AG             N,EUR,GER,EQUITY,Industrials,Specialty Industrial Machinery,144252862464.0,138353754112.0,66.486275,29.122929,12.879064,0.05543,0.033,0.807,nan,191.66,75.14,,,https://www.sec.gov/edgar/searchedgar/companysearch.html?q=ENR.DE,https://www.google.com/search?q=ENR.DE%20investor%20relations%20annual%20report,yfinance (indicative)
SU.PA,SCHNEIDER ELECTRIC SE,EUR,PAR,EQUITY,Industrials,Specialty Industrial Machinery,148419084288.0,167865286656.0,33.09285,22.938412,6.127736,0.10368,0.042,-0.062,nan,287.9,208.8,,,https://www.sec.gov/edgar/searchedgar/companysearch.html?q=SU.PA,https://www.google.com/search?q=SU.PA%20investor%20relations%20annual%20report,yfinance (indicative)
SIE.DE,SIEMENS AG                    N,EUR,GER,EQUITY,Industrials,Specialty Industrial Machinery,198008176640.0,264787984384.0,26.873707,20.454618,3.092759,0.09688,-0.0,-0.086,nan,276.45,198.0,,,https://www.sec.gov/edgar/searchedgar/companysearch.html?q=SIE.DE,https://www.google.com/search?q=SIE.DE%20investor%20relations%20annual%20report,yfinance (indicative)
ABB,,,,NONE,,,,,,,,,,,,,,,,https://www.sec.gov/edgar/searchedgar/companysearch.html?q=ABB,,yfinance (indicative)
NVO,Novo Nordisk A/S,USD,NYQ,EQUITY,Healthcare,Drug Manufacturers - General,198325764096.0,328224505856.0,10.380511,13.221679,6.209325,0.37205,0.24,0.671,44.740002,81.44,35.12,,,https://www.sec.gov/edgar/searchedgar/companysearch.html?q=NVO,,yfinance (indicative)
AZN,AstraZeneca PLC,USD,NYQ,EQUITY,Healthcare,Drug Manufacturers - General,281603014656.0,312908054528.0,27.346386,30.758442,5.942337,0.17189,0.125,0.053,181.580002,212.71,136.16,,,https://www.sec.gov/edgar/searchedgar/companysearch.html?q=AZN,,yfinance (indicative)
GSK,GSK plc,USD,NYQ,EQUITY,Healthcare,Drug Manufacturers - General,99713130496.0,220098199552.0,12.901298,9.490562,4.114641,0.17782,0.015,0.084,49.669998,61.7,35.45,,,https://www.sec.gov/edgar/searchedgar/companysearch.html?q=GSK,,yfinance (indicative)
IFX.DE,INFINEON TECHNOLOGIES AG      N,EUR,GER,EQUITY,Technology,Semiconductors,84714381312.0,94597939200.0,79.5,25.614128,5.044104,0.07234,,,nan,68.48,30.82,,,https://www.sec.gov/edgar/searchedgar/companysearch.html?q=IFX.DE,https://www.google.com/search?q=IFX.DE%20investor%20relations%20annual%20report,yfinance (indicative)
ASM.AS,ASM International N.V.,EUR,AMS,EQUITY,Technology,Semiconductor Equipment & Materials,42198458368.0,41288794112.0,42.817463,31.983093,9.839617,0.31006,0.028,,nan,906.0,400.0,,,https://www.sec.gov/edgar/searchedgar/companysearch.html?q=ASM.AS,https://www.google.com/search?q=ASM.AS%20investor%20relations%20annual%20report,yfinance (indicative)
BESI.AS,BE Semiconductor Industries N.V,EUR,AMS,EQUITY,Technology,Semiconductor Equipment & Materials,20739866624.0,21041625088.0,136.35416,44.917675,45.40409,0.24002,0.283,0.635,nan,268.5,102.4,,,https://www.sec.gov/edgar/searchedgar/companysearch.html?q=BESI.AS,https://www.google.com/search?q=BESI.AS%20investor%20relations%20annual%20report,yfinance (indicative)
SOITEC.PA,,,,,,,,,,,,,,,,,,,,https://www.sec.gov/edgar/searchedgar/companysearch.html?q=SOITEC.PA,https://www.google.com/search?q=SOITEC.PA%20investor%20relations%20annual%20report,yfinance (indicative)
AIXA.DE,AIXTRON SE                    N,EUR,GER,EQUITY,Technology,Semiconductor Equipment & Materials,5862608896.0,6114822144.0,98.07548,41.617294,6.747144,0.11563,-0.472,,nan,55.28,11.675,,,https://www.sec.gov/edgar/searchedgar/companysearch.html?q=AIXA.DE,https://www.google.com/search?q=AIXA.DE%20investor%20relations%20annual%20report,yfinance (indicative)
VAT.SW,,,,,,,,,,,,,,,,,,,,https://www.sec.gov/edgar/searchedgar/companysearch.html?q=VAT.SW,https://www.google.com/search?q=VAT.SW%20investor%20relations%20annual%20report,yfinance (indicative)
NOD.OL,NORDIC SEMICONDUCTOR,NOK,OSL,EQUITY,Technology,Semiconductors,40281968640.0,39518875648.0,175.86208,44.414642,6.460495,0.03669,0.241,7.848,nan,204.6,118.7,,,https://www.sec.gov/edgar/searchedgar/companysearch.html?q=NOD.OL,,yfinance (indicative)
MEL.BR,,,,,,,,,,,,,,,,,,,,https://www.sec.gov/edgar/searchedgar/companysearch.html?q=MEL.BR,,yfinance (indicative)
XFAB.PA,X-FAB SILICON FOUNDRIES SE,EUR,PAR,EQUITY,Technology,Semiconductors,1047668032.0,1305770880.0,61.692314,26.093735,1.151168,0.02188,-0.042,-0.924,nan,8.05,4.094,,,https://www.sec.gov/edgar/searchedgar/companysearch.html?q=XFAB.PA,https://www.google.com/search?q=XFAB.PA%20investor%20relations%20annual%20report,yfinance (indicative)
STM,STMicroelectronics N.V.,USD,NYQ,EQUITY,Technology,Semiconductors,54580846592.0,55835566080.0,383.8125,27.538116,3.071883,0.01188,0.23,-0.333,61.41,65.31,21.11,,,https://www.sec.gov/edgar/searchedgar/companysearch.html?q=STM,,yfinance (indicative)
ORSTED.CO,ORSTED A/S,DKK,CPH,EQUITY,Utilities,Utilities - Renewable,214738632704.0,242763628544.0,,16.938343,1.658487,0.00211,0.334,-0.849,162.550003,327.5,102.82325,,,https://www.sec.gov/edgar/searchedgar/companysearch.html?q=ORSTED.CO,,yfinance (indicative)
IBE.MC,ACCIONES IBERDROLA,EUR,MCE,EQUITY,Utilities,Utilities - Diversified,129750638592.0,197909643264.0,24.0,17.956345,2.611534,0.13771,-0.045,-0.186,nan,20.6,15.095,,,https://www.sec.gov/edgar/searchedgar/companysearch.html?q=IBE.MC,https://www.google.com/search?q=IBE.MC%20investor%20relations%20annual%20report,yfinance (indicative)
VWS.CO,Vestas Wind Systems A/S,DKK,CPH,EQUITY,Industrials,Specialty Industrial Machinery,187745107968.0,195240493056.0,30.015722,17.776747,6.685797,0.04425,0.144,15.162,190.899994,203.0,93.2,,,https://www.sec.gov/edgar/searchedgar/companysearch.html?q=VWS.CO,,yfinance (indicative)
RWE.DE,RWE AG                        I,EUR,GER,EQUITY,Utilities,Utilities - Diversified,39388774400.0,58368057344.0,16.932516,17.292528,1.145656,0.1451,-0.328,-0.974,nan,62.0,31.9,,,https://www.sec.gov/edgar/searchedgar/companysearch.html?q=RWE.DE,https://www.google.com/search?q=RWE.DE%20investor%20relations%20annual%20report,yfinance (indicative)
ENEL.MI,ENEL,EUR,MIL,EQUITY,Utilities,Utilities - Diversified,94112235520.0,178894028800.0,24.957895,12.669321,2.770669,0.05236,-0.067,-0.053,nan,10.31,7.575,,,https://www.sec.gov/edgar/searchedgar/companysearch.html?q=ENEL.MI,https://www.google.com/search?q=ENEL.MI%20investor%20relations%20annual%20report,yfinance (indicative)
ENGI.PA,ENGIE,EUR,PAR,EQUITY,Utilities,Utilities - Diversified,67588857856.0,114190172160.0,17.615894,12.761955,2.264986,0.05319,-0.066,-0.594,nan,29.89,17.2,,,https://www.sec.gov/edgar/searchedgar/companysearch.html?q=ENGI.PA,https://www.google.com/search?q=ENGI.PA%20investor%20relations%20annual%20report,yfinance (indicative)
CNA.L,CENTRICA PLC ORD 6 14/81P,GBp,LSE,EQUITY,Utilities,Utilities - Independent Power Producers,8571006976.0,8097820160.0,,12.674122,2.774927,-0.00369,-0.0,29.889,189.25,220.3,148.0,,,https://www.sec.gov/edgar/searchedgar/companysearch.html?q=CNA.L,https://www.google.com/search?q=CNA%20site%3Alondonstockexchange.com,yfinance (indicative)
EDP.LS,"EDP, SA",EUR,LIS,EQUITY,Utilities,Utilities - Diversified,17676648448.0,42975899648.0,15.837036,14.506226,1.504574,0.0706,-0.008,-0.1,4.276,4.768,3.345,,,https://www.sec.gov/edgar/searchedgar/companysearch.html?q=EDP.LS,,yfinance (indicative)
EDPR.LS,EDP RENOVAVEIS,EUR,LIS,EQUITY,Utilities,Utilities - Renewable,14283539456.0,25646540800.0,64.71429,28.510887,1.390139,0.10617,-0.1,,13.59,14.67,8.525,,,https://www.sec.gov/edgar/searchedgar/companysearch.html?q=EDPR.LS,,yfinance (indicative)
NDX1.DE,Nordex SE                     I,EUR,GER,EQUITY,Industrials,Specialty Industrial Machinery,10724521984.0,9361422336.0,34.045113,19.576138,8.049778,0.04156,0.106,6.333,nan,51.7,16.36,,,https://www.sec.gov/edgar/searchedgar/companysearch.html?q=NDX1.DE,https://www.google.com/search?q=NDX1.DE%20investor%20relations%20annual%20report,yfinance (indicative)
PRY.MI,PRYSMIAN,EUR,MIL,EQUITY,Industrials,Electrical Equipment & Parts,43925200896.0,48010203136.0,32.515923,26.845718,6.360313,0.06626,0.101,0.534,nan,157.25,53.04,,,https://www.sec.gov/edgar/searchedgar/companysearch.html?q=PRY.MI,https://www.google.com/search?q=PRY.MI%20investor%20relations%20annual%20report,yfinance (indicative)
LR.PA,LEGRAND,EUR,PAR,EQUITY,Industrials,Electrical Equipment & Parts,39758200832.0,44455346176.0,31.296297,23.516497,5.455719,0.13205,0.114,0.138,nan,166.95,104.9,,,https://www.sec.gov/edgar/searchedgar/companysearch.html?q=LR.PA,https://www.google.com/search?q=LR.PA%20investor%20relations%20annual%20report,yfinance (indicative)
NEX.PA,NEXANS,EUR,PAR,EQUITY,Industrials,Electrical Equipment & Parts,7146772992.0,7418178048.0,34.399998,17.945158,3.575492,0.04507,,,nan,169.0,94.7,,,https://www.sec.gov/edgar/searchedgar/companysearch.html?q=NEX.PA,https://www.google.com/search?q=NEX.PA%20investor%20relations%20annual%20report,yfinance (indicative)
DRX.L,DRAX GROUP PLC ORD 11 16/29P,GBp,LSE,EQUITY,Utilities,Utilities - Renewable,2688041984.0,3477857024.0,39.975,14.162223,1.588516,0.01354,-0.087,,799.5,937.5,613.0,,,https://www.sec.gov/edgar/searchedgar/companysearch.html?q=DRX.L,https://www.google.com/search?q=DRX%20site%3Alondonstockexchange.com,yfinance (indicative)
NEOEN.PA,,,,NONE,,,,,,,,,,,,,,,,https://www.sec.gov/edgar/searchedgar/companysearch.html?q=NEOEN.PA,https://www.google.com/search?q=NEOEN.PA%20investor%20relations%20annual%20report,yfinance (indicative)
NCC.L,NCC GROUP PLC ORD 1P,GBp,LSE,EQUITY,Technology,Software - Infrastructure,384321696.0,432685792.0,,24.17544,2.04451,0.07158,,,137.800003,168.2,107.2,,,https://www.sec.gov/edgar/searchedgar/companysearch.html?q=NCC.L,https://www.google.com/search?q=NCC%20site%3Alondonstockexchange.com,yfinance (indicative)
WS1V.HE,,,,,,,,,,,,,,,,,,,,https://www.sec.gov/edgar/searchedgar/companysearch.html?q=WS1V.HE,,yfinance (indicative)
YSN.DE,SECUNET SECURITY NETWORKS AG  I,EUR,GER,EQUITY,Technology,Software - Infrastructure,1238262656.0,1171044224.0,37.165047,25.899864,7.413432,0.07267,0.095,0.052,nan,246.5,152.8,,,https://www.sec.gov/edgar/searchedgar/companysearch.html?q=YSN.DE,https://www.google.com/search?q=YSN.DE%20investor%20relations%20annual%20report,yfinance (indicative)
ATCO-A.ST,Atlas Copco AB ser. A,SEK,STO,EQUITY,Industrials,Specialty Industrial Machinery,843269603328.0,865907376128.0,32.248135,26.965681,6.922307,0.15697,-0.051,-0.052,nan,198.75,143.3,,,https://www.sec.gov/edgar/searchedgar/companysearch.html?q=ATCO-A.ST,,yfinance (indicative)
HEXA-B.ST,Hexagon AB ser. B,SEK,STO,EQUITY,Technology,Scientific & Technical Instruments,257002323968.0,258310242304.0,11.576782,17.962477,21.365767,0.37516,0.002,7.437,nan,122.1,88.52,,,https://www.sec.gov/edgar/searchedgar/companysearch.html?q=HEXA-B.ST,,yfinance (indicative)
DSY.PA,DASSAULT SYSTEMES,EUR,PAR,EQUITY,Technology,Software - Application,26160775168.0,23884380160.0,21.652174,14.194201,2.847748,0.19896,-0.041,0.108,nan,34.45,15.825,,,https://www.sec.gov/edgar/searchedgar/companysearch.html?q=DSY.PA,https://www.google.com/search?q=DSY.PA%20investor%20relations%20annual%20report,yfinance (indicative)
RSW.L,RENISHAW PLC ORD 20P,GBp,LSE,EQUITY,Technology,Scientific & Technical Instruments,3625102592.0,3600212736.0,48.862747,27.02058,3.968469,0.10057,0.071,-0.21,4984.0,5295.0,2515.0,,,https://www.sec.gov/edgar/searchedgar/companysearch.html?q=RSW.L,https://www.google.com/search?q=RSW%20site%3Alondonstockexchange.com,yfinance (indicative)
IMI.L,IMI PLC ORD 28 4/7P,GBp,LSE,EQUITY,Industrials,Specialty Industrial Machinery,6345800192.0,7036083712.0,21.338709,17.373604,5.866962,0.13451,0.091,0.649,2646.0,2938.0,1858.0,,,https://www.sec.gov/edgar/searchedgar/companysearch.html?q=IMI.L,https://www.google.com/search?q=IMI%20site%3Alondonstockexchange.com,yfinance (indicative)
SPX.L,SPIRAX GROUP PLC ORD 26 12/13P,GBp,LSE,EQUITY,Industrials,Specialty Industrial Machinery,5102985216.0,5924242944.0,31.289593,19.301786,4.172701,0.09595,0.051,0.008,6915.0,8050.0,5535.0,,,https://www.sec.gov/edgar/searchedgar/companysearch.html?q=SPX.L,https://www.google.com/search?q=SPX%20site%3Alondonstockexchange.com,yfinance (indicative)
HLMA.L,HALMA PLC ORD 10P,GBp,LSE,EQUITY,Industrials,Conglomerates,16943696896.0,18365796352.0,48.760868,35.464413,8.522037,0.14391,0.152,0.37,4486.0,4714.0,2822.0,,,https://www.sec.gov/edgar/searchedgar/companysearch.html?q=HLMA.L,https://www.google.com/search?q=HLMA%20site%3Alondonstockexchange.com,yfinance (indicative)
SXS.L,,,,,,,,,,,,,,,,,,,,https://www.sec.gov/edgar/searchedgar/companysearch.html?q=SXS.L,https://www.google.com/search?q=SXS%20site%3Alondonstockexchange.com,yfinance (indicative)
KNEBV.HE,KONE Corporation,EUR,HEL,EQUITY,Industrials,Specialty Industrial Machinery,26432466944.0,25516408832.0,26.984127,20.589672,12.570865,0.08684,0.013,0.0,nan,70.0,49.83,,,https://www.sec.gov/edgar/searchedgar/companysearch.html?q=KNEBV.HE,,yfinance (indicative)
ALFA.ST,Alfa Laval AB,SEK,STO,EQUITY,Industrials,Specialty Industrial Machinery,222204215296.0,236621234176.0,27.151514,24.50319,4.749662,0.11833,-0.033,-0.046,nan,579.8,388.1,,,https://www.sec.gov/edgar/searchedgar/companysearch.html?q=ALFA.ST,,yfinance (indicative)
SAND.ST,Sandvik AB,SEK,STO,EQUITY,Industrials,Specialty Industrial Machinery,443676327936.0,476996304896.0,29.92386,26.007353,4.762225,0.12149,0.047,0.04,nan,408.8,200.9,,,https://www.sec.gov/edgar/searchedgar/companysearch.html?q=SAND.ST,,yfinance (indicative)
EPIR.ST,,,,,,,,,,,,,,,,,,,,https://www.sec.gov/edgar/searchedgar/companysearch.html?q=EPIR.ST,,yfinance (indicative)
KION.DE,,,,,,,,,,,,,,,,,,,,https://www.sec.gov/edgar/searchedgar/companysearch.html?q=KION.DE,https://www.google.com/search?q=KION.DE%20investor%20relations%20annual%20report,yfinance (indicative)
GEA.DE,,,,,,,,,,,,,,,,,,,,https://www.sec.gov/edgar/searchedgar/companysearch.html?q=GEA.DE,https://www.google.com/search?q=GEA.DE%20investor%20relations%20annual%20report,yfinance (indicative)
SMIN.L,SMITHS GROUP PLC ORD 37.5P,GBp,LSE,EQUITY,Industrials,Specialty Industrial Machinery,7511283712.0,8941563904.0,33.635136,20.245155,4.851852,0.08706,-0.01,-0.174,2489.0,2746.275,2032.0,,,https://www.sec.gov/edgar/searchedgar/companysearch.html?q=SMIN.L,https://www.google.com/search?q=SMIN%20site%3Alondonstockexchange.com,yfinance (indicative)
ROG.SW,ROCHE GS,CHF,EBS,EQUITY,Healthcare,Drug Manufacturers - General,256427556864.0,278216572928.0,20.106049,14.823842,7.586206,0.2033,-0.004,1.713,320.0,374.9,231.9,,,https://www.sec.gov/edgar/searchedgar/companysearch.html?q=ROG.SW,https://www.google.com/search?q=ROG.SW%20investor%20relations%20annual%20report,yfinance (indicative)
NOVN.SW,NOVARTIS N,CHF,EBS,EQUITY,Healthcare,Drug Manufacturers - General,222636163072.0,263157170176.0,21.48803,15.362528,6.13522,0.23921,-0.007,-0.093,116.68,131.0,90.4,,,https://www.sec.gov/edgar/searchedgar/companysearch.html?q=NOVN.SW,https://www.google.com/search?q=NOVN.SW%20investor%20relations%20annual%20report,yfinance (indicative)
SAN.PA,SANOFI,EUR,PAR,EQUITY,Healthcare,Drug Manufacturers - General,88600739840.0,103874633728.0,18.676767,8.213461,1.223248,0.15954,0.06,-0.117,nan,94.1,71.73,,,https://www.sec.gov/edgar/searchedgar/companysearch.html?q=SAN.PA,https://www.google.com/search?q=SAN.PA%20investor%20relations%20annual%20report,yfinance (indicative)
SN.L,SMITH & NEPHEW PLC ORD USD0.20,GBp,LSE,EQUITY,Healthcare,Medical Devices,9492578304.0,12219350016.0,20.981133,12.086195,2.418171,0.1014,0.074,0.704,1112.0,1441.5,1051.474,,,https://www.sec.gov/edgar/searchedgar/companysearch.html?q=SN.L,https://www.google.com/search?q=SN%20site%3Alondonstockexchange.com,yfinance (indicative)
LONN.SW,LONZA N,CHF,EBS,EQUITY,Healthcare,Diagnostics & Research,32784881664.0,36797882368.0,36.13549,21.525059,4.143166,-0.04211,,,nan,594.8,454.6,,,https://www.sec.gov/edgar/searchedgar/companysearch.html?q=LONN.SW,https://www.google.com/search?q=LONN.SW%20investor%20relations%20annual%20report,yfinance (indicative)
AFX.DE,Carl Zeiss Meditec AG         I,EUR,GER,EQUITY,Healthcare,Medical Instruments & Supplies,2177897472.0,2779485952.0,15.453416,13.522106,1.028992,0.04375,-0.064,-0.577,nan,63.25,22.62,,,https://www.sec.gov/edgar/searchedgar/companysearch.html?q=AFX.DE,https://www.google.com/search?q=AFX.DE%20investor%20relations%20annual%20report,yfinance (indicative)
STMN.SW,STRAUMANN N,CHF,EBS,EQUITY,Healthcare,Medical Instruments & Supplies,13333276672.0,13254120448.0,37.497757,22.970383,6.171218,0.13661,0.022,-0.253,83.620003,114.25,73.02,,,https://www.sec.gov/edgar/searchedgar/companysearch.html?q=STMN.SW,https://www.google.com/search?q=STMN.SW%20investor%20relations%20annual%20report,yfinance (indicative)
COLO-B.CO,Coloplast B A/S,DKK,CPH,EQUITY,Healthcare,Medical Instruments & Supplies,89988964352.0,113070104576.0,42.751602,15.076822,6.513228,0.07509,0.022,,399.299988,651.8,390.1,,,https://www.sec.gov/edgar/searchedgar/companysearch.html?q=COLO-B.CO,,yfinance (indicative)
DEMANT.CO,Demant A/S,DKK,CPH,EQUITY,Healthcare,Medical Devices,49729892352.0,69464891392.0,21.053572,15.793831,5.052821,0.06726,0.034,-0.634,235.800003,293.0,175.0,,,https://www.sec.gov/edgar/searchedgar/companysearch.html?q=DEMANT.CO,,yfinance (indicative)
SRT3.DE,SARTORIUS AG                  V,EUR,GER,EQUITY,Healthcare,Medical Instruments & Supplies,14148813824.0,19040014336.0,87.19149,32.028484,5.227174,0.04575,0.018,,nan,267.7,175.95,,,https://www.sec.gov/edgar/searchedgar/companysearch.html?q=SRT3.DE,https://www.google.com/search?q=SRT3.DE%20investor%20relations%20annual%20report,yfinance (indicative)
HIK.L,HIKMA PHARMACEUTICALS PLC ORD S,GBp,LSE,EQUITY,Healthcare,Drug Manufacturers - Specialty & Generic,3086951168.0,4508322304.0,10.746268,7.836905,1.65328,0.12004,0.085,0.235,1440.0,2164.0,1187.0,,,https://www.sec.gov/edgar/searchedgar/companysearch.html?q=HIK.L,https://www.google.com/search?q=HIK%20site%3Alondonstockexchange.com,yfinance (indicative)
UCB.BR,UCB,EUR,BRU,EQUITY,Healthcare,Biotechnology,45115641856.0,44997644288.0,29.514322,17.433277,4.151631,0.20127,0.266,0.263,nan,289.5,152.95,,,https://www.sec.gov/edgar/searchedgar/companysearch.html?q=UCB.BR,,yfinance (indicative)
GMAB.CO,Genmab A/S,DKK,CPH,EQUITY,Healthcare,Biotechnology,103386488832.0,107196096512.0,20.121878,15.621054,2.784873,0.21046,0.253,-0.728,1684.0,2257.0,1275.0,,,https://www.sec.gov/edgar/searchedgar/companysearch.html?q=GMAB.CO,,yfinance (indicative)
BANB.SW,BACHEM N,CHF,EBS,EQUITY,Healthcare,Biotechnology,5646392320.0,5784333312.0,38.055553,24.918646,3.871846,0.21407,0.047,0.166,nan,83.25,48.2,,,https://www.sec.gov/edgar/searchedgar/companysearch.html?q=BANB.SW,https://www.google.com/search?q=BANB.SW%20investor%20relations%20annual%20report,yfinance (indicative)
ARGX.BR,ARGENX SE,EUR,BRU,EQUITY,Healthcare,Biotechnology,43108564992.0,38629113856.0,36.179543,22.46934,6.862761,0.31398,0.626,1.14,nan,810.0,456.6,,,https://www.sec.gov/edgar/searchedgar/companysearch.html?q=ARGX.BR,,yfinance (indicative)
OXIG.L,OXFORD INSTRUMENTS PLC ORD 5P,GBp,LSE,EQUITY,Technology,Scientific & Technical Instruments,1632573184.0,1695724032.0,109.481476,26.807415,4.87226,0.02885,-0.092,-0.499,2956.0,3100.0,1682.0,,,https://www.sec.gov/edgar/searchedgar/companysearch.html?q=OXIG.L,https://www.google.com/search?q=OXIG%20site%3Alondonstockexchange.com,yfinance (indicative)
IQE.L,IQE PLC ORD 1P,GBp,LSE,EQUITY,Technology,Semiconductor Equipment & Materials,450745888.0,515428896.0,,-41.7802,4.220184,-0.50523,-0.315,,46.0,72.9,4.655,,,https://www.sec.gov/edgar/searchedgar/companysearch.html?q=IQE.L,https://www.google.com/search?q=IQE%20site%3Alondonstockexchange.com,yfinance (indicative)
BA.L,BAE SYSTEMS PLC ORD 2.5P,GBp,LSE,EQUITY,Industrials,Aerospace & Defense,54328778752.0,61237559296.0,27.213234,19.641455,4.700279,0.07277,0.067,0.087,1850.5,2360.0,1588.0,,,https://www.sec.gov/edgar/searchedgar/companysearch.html?q=BA.L,https://www.google.com/search?q=BA%20site%3Alondonstockexchange.com,yfinance (indicative)
RHM.DE,RHEINMETALL AG                I,EUR,GER,EQUITY,Industrials,Aerospace & Defense,52127055872.0,54667862016.0,50.246746,20.410168,10.369698,0.07178,0.077,0.256,nan,2008.0,1099.2,,,https://www.sec.gov/edgar/searchedgar/companysearch.html?q=RHM.DE,https://www.google.com/search?q=RHM.DE%20investor%20relations%20annual%20report,yfinance (indicative)
AIR.PA,AIRBUS SE,EUR,PAR,EQUITY,Industrials,Aerospace & Defense,132002398208.0,134867787776.0,26.531643,19.495474,5.059288,0.06913,-0.066,-0.265,nan,221.3,154.08,,,https://www.sec.gov/edgar/searchedgar/companysearch.html?q=AIR.PA,https://www.google.com/search?q=AIR.PA%20investor%20relations%20annual%20report,yfinance (indicative)
HO.PA,THALES,EUR,PAR,EQUITY,Industrials,Aerospace & Defense,45082636288.0,47479164928.0,26.953316,17.986673,5.657556,0.07564,0.071,1.512,nan,279.3,216.2,,,https://www.sec.gov/edgar/searchedgar/companysearch.html?q=HO.PA,https://www.google.com/search?q=HO.PA%20investor%20relations%20annual%20report,yfinance (indicative)
SAF.PA,SAFRAN,EUR,PAR,EQUITY,Industrials,Aerospace & Defense,112753827840.0,117170110464.0,15.81585,22.149914,7.625309,0.23011,0.125,,nan,350.8,250.8,,,https://www.sec.gov/edgar/searchedgar/companysearch.html?q=SAF.PA,https://www.google.com/search?q=SAF.PA%20investor%20relations%20annual%20report,yfinance (indicative)
LDO.MI,LEONARDO,EUR,MIL,EQUITY,Industrials,Aerospace & Defense,28266676224.0,32532514816.0,21.870537,17.795328,2.892826,0.05098,0.069,-0.571,nan,66.26,43.15,,,https://www.sec.gov/edgar/searchedgar/companysearch.html?q=LDO.MI,https://www.google.com/search?q=LDO.MI%20investor%20relations%20annual%20report,yfinance (indicative)
TXN,Texas Instruments Incorporated,USD,NMS,EQUITY,Technology,Semiconductors,275512393728.0,289410285568.0,51.66041,32.11376,16.4197,0.29108,0.186,0.313,302.730011,310.29,152.73,,,https://www.sec.gov/edgar/searchedgar/companysearch.html?q=TXN,,yfinance (indicative)
QCOM,QUALCOMM Incorporated,USD,NMS,EQUITY,Technology,Semiconductors,212370472960.0,216355323904.0,21.665592,18.94385,7.822424,0.22308,-0.035,1.73,201.490005,247.9,121.99,,,https://www.sec.gov/edgar/searchedgar/companysearch.html?q=QCOM,,yfinance (indicative)
ADI,"Analog Devices, Inc.",USD,NMS,EQUITY,Technology,Semiconductors,203820351488.0,213012889600.0,76.46337,31.515173,6.032482,0.23024,0.304,1.167,417.48999,435.72,206.0,,,https://www.sec.gov/edgar/searchedgar/companysearch.html?q=ADI,,yfinance (indicative)
ON,ON Semiconductor Corporation,USD,NMS,EQUITY,Technology,Semiconductors,43977531392.0,47250882560.0,83.16912,26.518652,6.070413,0.09462,0.047,,113.110001,119.1,40.62,,,https://www.sec.gov/edgar/searchedgar/companysearch.html?q=ON,,yfinance (indicative)
SWKS,"Skyworks Solutions, Inc.",USD,NMS,EQUITY,Technology,Semiconductors,10307320832.0,9854023680.0,28.554165,13.317165,1.784124,0.08931,-0.01,-0.449,68.529999,90.9,51.93,,,https://www.sec.gov/edgar/searchedgar/companysearch.html?q=SWKS,,yfinance (indicative)
QRVO,"Qorvo, Inc.",USD,NMS,EQUITY,Technology,Semiconductors,8119261184.0,8348938752.0,25.483427,11.794202,2.311103,0.09215,-0.07,-0.056,92.25,106.3,73.0,,,https://www.sec.gov/edgar/searchedgar/companysearch.html?q=QRVO,,yfinance (indicative)
ENTG,"Entegris, Inc.",USD,NMS,EQUITY,Technology,Semiconductor Equipment & Materials,20266561536.0,24551950336.0,76.919075,28.895847,5.112965,0.08182,0.05,0.463,133.070007,159.15,66.32,,,https://www.sec.gov/edgar/searchedgar/companysearch.html?q=ENTG,,yfinance (indicative)
OLED,Universal Display Corporation,USD,NMS,EQUITY,Technology,Electronic Components,4331002368.0,3829697024.0,20.632517,18.578384,2.541703,0.3408,-0.145,-0.437,92.639999,163.21,83.64,,,https://www.sec.gov/edgar/searchedgar/companysearch.html?q=OLED,,yfinance (indicative)
LSCC,Lattice Semiconductor Corporati,USD,NMS,EQUITY,Technology,Semiconductors,16456013824.0,17005374464.0,857.9286,51.968678,22.205584,0.03463,0.422,3.372,120.110001,130.0,43.9,,,https://www.sec.gov/edgar/searchedgar/companysearch.html?q=LSCC,,yfinance (indicative)
RMBS,"Rambus, Inc.",USD,NMS,EQUITY,Technology,Semiconductors,13738802176.0,13344814080.0,60.500004,34.946472,9.851129,0.31895,0.081,-0.018,127.050003,161.8,52.12,,,https://www.sec.gov/edgar/searchedgar/companysearch.html?q=RMBS,,yfinance (indicative)
CRUS,"Cirrus Logic, Inc.",USD,NMS,EQUITY,Technology,Semiconductors,8146390528.0,7522204672.0,20.371174,17.015171,3.814243,0.20748,0.057,0.193,159.710007,179.0,92.02,,,https://www.sec.gov/edgar/searchedgar/companysearch.html?q=CRUS,,yfinance (indicative)
SLAB,"Silicon Laboratories, Inc.",USD,NMS,EQUITY,Technology,Semiconductors,7143533056.0,6728423936.0,,52.206467,6.522027,-0.06134,0.201,,216.589996,218.68,115.51,,,https://www.sec.gov/edgar/searchedgar/companysearch.html?q=SLAB,,yfinance (indicative)
DIOD,Diodes Incorporated,USD,NMS,EQUITY,Technology,Semiconductors,4596311552.0,4524262912.0,54.369564,20.048098,2.432406,0.05499,0.221,,100.040001,117.8,42.28,,,https://www.sec.gov/edgar/searchedgar/companysearch.html?q=DIOD,,yfinance (indicative)
POWI,"Power Integrations, Inc.",USD,NMS,EQUITY,Technology,Semiconductors,4080931584.0,3736247296.0,244.13332,39.98122,6.023521,0.0372,0.026,-0.604,73.239998,81.59,30.86,,,https://www.sec.gov/edgar/searchedgar/companysearch.html?q=POWI,,yfinance (indicative)
WOLF,"Wolfspeed, Inc.",USD,NYQ,EQUITY,Technology,Semiconductors,3003307008.0,3305968640.0,,-12.413587,2.709905,-0.72926,-0.19,,62.130001,73.74,8.05,,,https://www.sec.gov/edgar/searchedgar/companysearch.html?q=WOLF,,yfinance (indicative)
INOD,Innodata Inc.,USD,NGM,EQUITY,Technology,Information Technology Services,3138179840.0,2830530560.0,85.803566,47.90628,29.006943,0.13864,0.544,0.909,96.099998,114.77,33.77,,,https://www.sec.gov/edgar/searchedgar/companysearch.html?q=INOD,,yfinance (indicative)
NVMI,Nova Ltd.,USD,NMS,EQUITY,Technology,Semiconductor Equipment & Materials,16182299648.0,17380364288.0,64.04403,40.0998,12.274591,0.29213,0.103,0.005,509.149994,565.0,179.0,,,https://www.sec.gov/edgar/searchedgar/companysearch.html?q=NVMI,,yfinance (indicative)
ICHR,Ichor Holdings,USD,NMS,EQUITY,Technology,Semiconductor Equipment & Materials,2546155264.0,2658821632.0,,28.042068,3.800311,-0.05284,0.047,,73.269997,78.0,13.12,,,https://www.sec.gov/edgar/searchedgar/companysearch.html?q=ICHR,,yfinance (indicative)
PLAB,"Photronics, Inc.",USD,NMS,EQUITY,Technology,Semiconductor Equipment & Materials,2949498880.0,2868523264.0,21.37607,21.194916,2.399386,0.1583,0.061,0.088,50.02,56.0,16.59,,,https://www.sec.gov/edgar/searchedgar/companysearch.html?q=PLAB,,yfinance (indicative)
UEIC,Universal Electronics Inc.,USD,NMS,EQUITY,Technology,Consumer Electronics,50773812.0,50672996.0,,6.184616,0.755071,-0.05537,-0.144,,4.02,7.5,2.69,,,https://www.sec.gov/edgar/searchedgar/companysearch.html?q=UEIC,,yfinance (indicative)
SITM,SiTime Corporation,USD,NGM,EQUITY,Technology,Semiconductors,20432728064.0,20865234944.0,,72.59989,17.607079,-0.06381,0.883,,774.059998,901.81,186.49,,,https://www.sec.gov/edgar/searchedgar/companysearch.html?q=SITM,,yfinance (indicative)
ACLS,"Axcelis Technologies, Inc.",USD,NMS,EQUITY,Technology,Semiconductor Equipment & Materials,4769285632.0,4671731200.0,48.192543,33.47282,4.565326,0.11931,0.033,-0.659,155.179993,171.61,55.93,,,https://www.sec.gov/edgar/searchedgar/companysearch.html?q=ACLS,,yfinance (indicative)
AOSL,Alpha and Omega Semiconductor L,USD,NMS,EQUITY,Technology,Semiconductors,1163362688.0,1068243648.0,,-95.9753,1.453193,-0.15512,-0.005,,38.869999,49.97,17.01,,,https://www.sec.gov/edgar/searchedgar/companysearch.html?q=AOSL,,yfinance (indicative)
FLEX,Flex Ltd.,USD,NMS,EQUITY,Technology,Electronic Components,50687524864.0,54724976640.0,59.167385,20.897062,9.896626,0.03175,0.169,0.171,137.860001,147.34,40.15,,,https://www.sec.gov/edgar/searchedgar/companysearch.html?q=FLEX,,yfinance (indicative)
JBL,Jabil Inc.,USD,NYQ,EQUITY,Technology,Electronic Components,35851902976.0,39995797504.0,45.85965,23.3302,26.755373,0.02477,0.231,0.962,339.820007,372.37,161.52,,,https://www.sec.gov/edgar/searchedgar/companysearch.html?q=JBL,,yfinance (indicative)
TTMI,"TTM Technologies, Inc.",USD,NMS,EQUITY,Technology,Electronic Components,17379307520.0,18483738624.0,90.95109,33.253853,9.816977,0.06291,0.304,0.516,167.350006,180.0,28.12,,,https://www.sec.gov/edgar/searchedgar/companysearch.html?q=TTMI,,yfinance (indicative)
VSH,"Vishay Intertechnology, Inc.",USD,NYQ,EQUITY,Technology,Semiconductors,5067219968.0,5792826368.0,3723.0,26.564016,2.417376,0.00071,0.173,,37.23,40.07,11.77,,,https://www.sec.gov/edgar/searchedgar/companysearch.html?q=VSH,,yfinance (indicative)
APH,Amphenol Corporation,USD,NYQ,EQUITY,Technology,Electronic Components,153779306496.0,173214482432.0,35.91954,22.211916,10.993844,0.17239,0.584,0.241,125.0,167.04,83.44,,,https://www.sec.gov/edgar/searchedgar/companysearch.html?q=APH,,yfinance (indicative)
PI,"Impinj, Inc.",USD,NMS,EQUITY,Technology,Semiconductors,4225280768.0,4538542080.0,,49.207542,20.037556,-0.0766,-0.0,,138.720001,247.064,87.36,,,https://www.sec.gov/edgar/searchedgar/companysearch.html?q=PI,,yfinance (indicative)
MXL,"MaxLinear, Inc",USD,NMS,EQUITY,Technology,Semiconductors,8268673536.0,8039990272.0,,49.428047,18.202246,-0.25959,0.43,,92.339996,104.27,10.96,,,https://www.sec.gov/edgar/searchedgar/companysearch.html?q=MXL,,yfinance (indicative)
CVX,Chevron Corporation,USD,NYQ,EQUITY,Energy,Oil & Gas Integrated,380594323456.0,414824497152.0,33.234783,15.771804,2.056918,0.05927,0.023,-0.445,191.100006,214.71,133.77,,,https://www.sec.gov/edgar/searchedgar/companysearch.html?q=CVX,,yfinance (indicative)
COP,ConocoPhillips,USD,NYQ,EQUITY,Energy,Oil & Gas E&P,149131378688.0,161904443392.0,20.747458,13.665842,2.310625,0.12331,-0.053,-0.202,122.410004,135.87,84.28,,,https://www.sec.gov/edgar/searchedgar/companysearch.html?q=COP,,yfinance (indicative)
OXY,Occidental Petroleum Corporatio,USD,NYQ,EQUITY,Energy,Oil & Gas E&P,59300118528.0,78250033152.0,80.567566,16.226397,1.928389,0.22421,-0.083,3.156,59.619999,67.45,38.8,,,https://www.sec.gov/edgar/searchedgar/companysearch.html?q=OXY,,yfinance (indicative)
DVN,Devon Energy Corporation,USD,NYQ,EQUITY,Energy,Oil & Gas E&P,57061474304.0,36293935104.0,13.785516,9.210955,1.976043,0.14172,-0.008,-0.753,49.490002,52.71,30.24,,,https://www.sec.gov/edgar/searchedgar/companysearch.html?q=DVN,,yfinance (indicative)
HAL,Halliburton Company,USD,NYQ,EQUITY,Energy,Oil & Gas Equipment & Services,34886209536.0,40616570880.0,23.071823,14.479888,3.234702,0.06947,-0.003,1.335,41.759998,42.46,19.38,,,https://www.sec.gov/edgar/searchedgar/companysearch.html?q=HAL,,yfinance (indicative)
SLB,SLB Limited,USD,NYQ,EQUITY,Energy,Oil & Gas Equipment & Services,82796298240.0,92702466048.0,24.396477,16.604004,3.026891,0.09263,0.027,-0.138,55.380001,57.2,31.64,,,https://www.sec.gov/edgar/searchedgar/companysearch.html?q=SLB,,yfinance (indicative)
MPC,Marathon Petroleum Corporation,USD,NYQ,EQUITY,Energy,Oil & Gas Refining & Marketing,74452598784.0,111488671744.0,16.800394,11.611464,4.345226,0.03407,0.088,,255.029999,261.61,154.65,,,https://www.sec.gov/edgar/searchedgar/companysearch.html?q=MPC,,yfinance (indicative)
VLO,Valero Energy Corporation,USD,NYQ,EQUITY,Energy,Oil & Gas Refining & Marketing,74452926464.0,81502240768.0,18.328947,13.44206,3.159367,0.03569,0.066,,250.740005,258.43,125.1,,,https://www.sec.gov/edgar/searchedgar/companysearch.html?q=VLO,,yfinance (indicative)
PSX,Phillips 66,USD,NYQ,EQUITY,Energy,Oil & Gas Refining & Marketing,70644744192.0,91891367936.0,17.411068,11.151813,2.429473,0.03066,0.069,-0.568,176.199997,190.61,109.75,,,https://www.sec.gov/edgar/searchedgar/companysearch.html?q=PSX,,yfinance (indicative)
FANG,"Diamondback Energy, Inc.",USD,NMS,EQUITY,Energy,Oil & Gas E&P,57264136192.0,76226797568.0,207.71428,11.999861,1.570037,0.01964,0.042,-0.984,203.559998,214.51,132.2,,,https://www.sec.gov/edgar/searchedgar/companysearch.html?q=FANG,,yfinance (indicative)
EOG,"EOG Resources, Inc.",USD,NYQ,EQUITY,Energy,Oil & Gas E&P,74706477056.0,76889153536.0,13.791543,9.734328,2.427147,0.23322,0.156,0.396,140.259995,151.87,101.59,,,https://www.sec.gov/edgar/searchedgar/companysearch.html?q=EOG,,yfinance (indicative)
NRG,"NRG Energy, Inc.",USD,NYQ,EQUITY,Utilities,Utilities - Independent Power Producers,26966179840.0,52254097408.0,138.9239,11.198446,23.598597,0.00738,0.195,-0.856,127.809998,189.96,127.64,,,https://www.sec.gov/edgar/searchedgar/companysearch.html?q=NRG,,yfinance (indicative)
EXC,Exelon Corporation,USD,NMS,EQUITY,Utilities,Utilities - Regulated Electric,44386770944.0,95958441984.0,15.89011,14.27946,1.514136,0.11212,0.079,-0.003,43.380001,50.65,42.11,,,https://www.sec.gov/edgar/searchedgar/companysearch.html?q=EXC,,yfinance (indicative)
FE,FirstEnergy Corp.,USD,NYQ,EQUITY,Utilities,Utilities - Regulated Electric,25346852864.0,55200186368.0,23.815216,14.873195,2.003109,0.06944,0.116,0.129,43.82,52.34,39.28,,,https://www.sec.gov/edgar/searchedgar/companysearch.html?q=FE,,yfinance (indicative)
ED,"Consolidated Edison, Inc.",USD,NYQ,EQUITY,Utilities,Utilities - Regulated Electric,38828290048.0,66510585856.0,17.737373,16.23373,1.572866,0.12524,0.062,0.129,105.360001,116.23,94.96,,,https://www.sec.gov/edgar/searchedgar/companysearch.html?q=ED,,yfinance (indicative)
AWK,"American Water Works Company, I",USD,NYQ,EQUITY,Utilities,Utilities - Regulated Water,24271417344.0,40127438848.0,22.037235,18.901323,2.199084,0.21172,0.057,-0.048,124.290001,147.87,121.28,,,https://www.sec.gov/edgar/searchedgar/companysearch.html?q=AWK,,yfinance (indicative)
WTRG,"Essential Utilities, Inc.",USD,NYQ,EQUITY,Utilities,Utilities - Regulated Water,10497256448.0,19018829824.0,18.882652,15.437685,1.521355,0.21819,0.1,-0.233,37.009998,42.37,36.32,,,https://www.sec.gov/edgar/searchedgar/companysearch.html?q=WTRG,,yfinance (indicative)
ATO,Atmos Energy Corporation,USD,NYQ,EQUITY,Utilities,Utilities - Regulated Gas,29458010112.0,39694327808.0,21.73399,19.764147,1.975884,0.27579,0.006,0.145,176.479996,192.51,149.98,,,https://www.sec.gov/edgar/searchedgar/companysearch.html?q=ATO,,yfinance (indicative)
LNG,"Cheniere Energy, Inc.",USD,NYQ,EQUITY,Energy,Oil & Gas Midstream,50678022144.0,81978761216.0,40.920475,12.551329,13.531781,0.07102,0.242,,241.839996,300.89,186.2,,,https://www.sec.gov/edgar/searchedgar/companysearch.html?q=LNG,,yfinance (indicative)
KMI,"Kinder Morgan, Inc.",USD,NYQ,EQUITY,Energy,Oil & Gas Midstream,74820894720.0,107699183616.0,22.57047,22.12107,2.388664,0.18917,0.138,0.36,33.630001,34.73,25.6,,,https://www.sec.gov/edgar/searchedgar/companysearch.html?q=KMI,,yfinance (indicative)
WMB,"Williams Companies, Inc. (The)",USD,NYQ,EQUITY,Energy,Oil & Gas Midstream,95051423744.0,126571732992.0,34.08772,29.976936,7.435898,0.23057,0.09,0.25,77.720001,78.24,55.82,,,https://www.sec.gov/edgar/searchedgar/companysearch.html?q=WMB,,yfinance (indicative)
OKE,"ONEOK, Inc.",USD,NYQ,EQUITY,Energy,Oil & Gas Midstream,58164629504.0,90962886656.0,16.456327,14.903495,2.601589,0.1003,0.196,0.18,92.32,95.3,64.02,,,https://www.sec.gov/edgar/searchedgar/companysearch.html?q=OKE,,yfinance (indicative)
TRGP,"Targa Resources, Inc.",USD,NYQ,EQUITY,Energy,Oil & Gas Midstream,58380992512.0,76577153024.0,27.78243,22.763336,19.030926,0.12874,-0.102,1.429,271.98999,273.0699,144.14,,,https://www.sec.gov/edgar/searchedgar/companysearch.html?q=TRGP,,yfinance (indicative)
SMR,NuScale Power Corporation,USD,NYQ,EQUITY,Industrials,Specialty Industrial Machinery,3886767872.0,3232612864.0,,-18.330503,3.059945,0.0,-0.958,,11.23,57.42,8.85,,,https://www.sec.gov/edgar/searchedgar/companysearch.html?q=SMR,,yfinance (indicative)
OKLO,Oklo Inc.,USD,NYQ,EQUITY,Utilities,Utilities - Independent Power Producers,10830939136.0,9487945728.0,,-71.72899,6.768512,0.0,,,62.25,193.84,34.88,,,https://www.sec.gov/edgar/searchedgar/companysearch.html?q=OKLO,,yfinance (indicative)
BWXT,"BWX Technologies, Inc.",USD,NYQ,EQUITY,Industrials,Aerospace & Defense,18755350528.0,20830593024.0,54.592,39.330353,14.647968,0.10205,0.261,0.207,204.720001,241.82,106.22,,,https://www.sec.gov/edgar/searchedgar/companysearch.html?q=BWXT,,yfinance (indicative)
LEU,Centrus Energy Corp.,USD,NYQ,EQUITY,Energy,Uranium,3592252416.0,3093871616.0,66.4,45.994965,4.633695,0.13398,0.049,-0.719,182.600006,464.25,90.25,,,https://www.sec.gov/edgar/searchedgar/companysearch.html?q=LEU,,yfinance (indicative)
UEC,Uranium Energy Corp.,USD,ASE,EQUITY,Energy,Uranium,6691513344.0,6775680000.0,,-818.83624,4.726454,0.0,-0.594,,13.65,20.34,5.03,,,https://www.sec.gov/edgar/searchedgar/companysearch.html?q=UEC,,yfinance (indicative)
UUUU,Energy Fuels Inc,USD,ASE,EQUITY,Energy,Uranium,4600051712.0,4643263488.0,,3682.0,6.523742,-0.827,1.121,,18.41,27.9,4.2,,,https://www.sec.gov/edgar/searchedgar/companysearch.html?q=UUUU,,yfinance (indicative)
URG,Ur Energy Inc,USD,ASE,EQUITY,Energy,Uranium,659570816.0,652343104.0,,26.56,8.097561,-2.75289,-0.539,,1.66,2.35,0.67,,,https://www.sec.gov/edgar/searchedgar/companysearch.html?q=URG,,yfinance (indicative)
DNN,Denison Mines Corp,USD,ASE,EQUITY,Energy,Uranium,2968455680.0,3327110144.0,,-83.14433,15.609771,0.0,-0.196,,3.28,4.43,1.39,,,https://www.sec.gov/edgar/searchedgar/companysearch.html?q=DNN,,yfinance (indicative)
BEP,Brookfield Renewable Partners L,USD,NYQ,EQUITY,Utilities,Utilities - Renewable,22109679616.0,84019585024.0,,-26.718594,2.822766,0.00347,-0.042,,34.369999,35.97,22.64,,,https://www.sec.gov/edgar/searchedgar/companysearch.html?q=BEP,,yfinance (indicative)
BE,Bloom Energy Corporation,USD,NYQ,EQUITY,Industrials,Electrical Equipment & Parts,78492286976.0,86791036928.0,,65.76847,85.11721,0.00246,1.304,,275.950012,310.0,17.01,,,https://www.sec.gov/edgar/searchedgar/companysearch.html?q=BE,,yfinance (indicative)
BIP,Brookfield Infrastructure Partn,USD,NYQ,EQUITY,Utilities,Utilities - Diversified,17457289216.0,113312800768.0,57.5,28.214565,3.762268,0.01404,0.169,,37.950001,40.32,29.63,,,https://www.sec.gov/edgar/searchedgar/companysearch.html?q=BIP,,yfinance (indicative)
NEP,,,,NONE,,,,,,,,,,,,,,,,https://www.sec.gov/edgar/searchedgar/companysearch.html?q=NEP,,yfinance (indicative)
CYBR,,,,,,,,,,,,,,,,,,,,https://www.sec.gov/edgar/searchedgar/companysearch.html?q=CYBR,,yfinance (indicative)
MNDY,monday.com Ltd.,USD,NMS,EQUITY,Technology,Software - Application,3710158848.0,2313594112.0,31.427948,13.196764,2.930733,0.09174,0.245,0.096,71.970001,316.98,57.5,,,https://www.sec.gov/edgar/searchedgar/companysearch.html?q=MNDY,,yfinance (indicative)
DDOG,"Datadog, Inc.",USD,NMS,EQUITY,Technology,Software - Application,74032603136.0,68729397248.0,533.28204,73.09932,18.556387,0.03695,0.322,1.04,207.979996,211.28,98.01,,,https://www.sec.gov/edgar/searchedgar/companysearch.html?q=DDOG,,yfinance (indicative)
SNOW,Snowflake Inc.,USD,NYQ,EQUITY,Technology,Software - Application,54437380096.0,50769006592.0,,64.97038,28.144773,-0.28429,0.301,,157.470001,280.67,118.3,,,https://www.sec.gov/edgar/searchedgar/companysearch.html?q=SNOW,,yfinance (indicative)
ESTC,Elastic N.V.,USD,NYQ,EQUITY,Technology,Software - Application,5237150720.0,4495910400.0,,17.796785,6.662278,-0.05039,0.177,,50.599998,96.07,42.05,,,https://www.sec.gov/edgar/searchedgar/companysearch.html?q=ESTC,,yfinance (indicative)
MDB,"MongoDB, Inc.",USD,NGM,EQUITY,Technology,Software - Infrastructure,25088151552.0,22034790400.0,,44.074272,8.510592,-0.02888,0.267,0.022,312.160004,444.72,182.43,,,https://www.sec.gov/edgar/searchedgar/companysearch.html?q=MDB,,yfinance (indicative)
PATH,"UiPath, Inc.",USD,NYQ,EQUITY,Technology,Software - Infrastructure,5344953856.0,3675084544.0,19.750002,11.412887,2.648273,0.1753,0.136,1.057,10.27,19.84,9.2,,,https://www.sec.gov/edgar/searchedgar/companysearch.html?q=PATH,,yfinance (indicative)
CFLT,"Confluent, Inc.",USD,NMS,EQUITY,Technology,Software - Infrastructure,11133729792.0,10134802432.0,,47.630024,9.439537,-0.25308,0.205,,,31.0,15.64,,,https://www.sec.gov/edgar/searchedgar/companysearch.html?q=CFLT,,yfinance (indicative)
FRSH,Freshworks Inc.,USD,NMS,EQUITY,Technology,Software - Application,2476850176.0,1587133696.0,14.688524,11.285061,2.452107,0.20687,0.165,,8.96,16.05,6.79,,,https://www.sec.gov/edgar/searchedgar/companysearch.html?q=FRSH,,yfinance (indicative)
DT,"Dynatrace, Inc.",USD,NYQ,EQUITY,Technology,Software - Application,11302887424.0,9929740288.0,71.03703,17.00905,4.180015,0.08059,0.194,-0.526,38.360001,57.55,31.635,,,https://www.sec.gov/edgar/searchedgar/companysearch.html?q=DT,,yfinance (indicative)
PD,"PagerDuty, Inc.",USD,NYQ,EQUITY,Technology,Software - Application,518916480.0,530028128.0,3.620321,4.905797,2.258926,0.35297,0.027,,6.77,18.0,5.7,,,https://www.sec.gov/edgar/searchedgar/companysearch.html?q=PD,,yfinance (indicative)
ZI,,,,NONE,,,,,,,,,,,,,,,,https://www.sec.gov/edgar/searchedgar/companysearch.html?q=ZI,,yfinance (indicative)
NOW,"ServiceNow, Inc.",USD,NYQ,EQUITY,Technology,Software - Application,98046451712.0,90582376448.0,56.589287,18.91722,8.360007,0.12586,0.221,0.023,95.07,211.478,81.24,,,https://www.sec.gov/edgar/searchedgar/companysearch.html?q=NOW,,yfinance (indicative)
WDAY,"Workday, Inc.",USD,NMS,EQUITY,Technology,Software - Application,31213191168.0,28896749568.0,48.26641,10.044231,4.150398,0.07255,0.145,0.629,125.010002,274.65,110.36,,,https://www.sec.gov/edgar/searchedgar/companysearch.html?q=WDAY,,yfinance (indicative)
LMT,Lockheed Martin Corporation,USD,NYQ,EQUITY,Industrials,Aerospace & Defense,118973136896.0,138790600704.0,24.976284,16.08341,15.847487,0.06382,0.003,-0.115,516.01001,692.0,410.11,,,https://www.sec.gov/edgar/searchedgar/companysearch.html?q=LMT,,yfinance (indicative)
NOC,Northrop Grumman Corporation,USD,NYQ,EQUITY,Industrials,Aerospace & Defense,76796076032.0,93410664448.0,16.960163,17.913668,4.487054,0.10801,0.044,0.849,540.690002,774.0,466.38,,,https://www.sec.gov/edgar/searchedgar/companysearch.html?q=NOC,,yfinance (indicative)
LHX,"L3Harris Technologies, Inc.",USD,NYQ,EQUITY,Industrials,Aerospace & Defense,56520024064.0,75080908800.0,32.977177,22.284477,2.95181,0.10369,1.9,-0.061,303.390015,379.23,226.47,,,https://www.sec.gov/edgar/searchedgar/companysearch.html?q=LHX,,yfinance (indicative)
RTX,RTX Corporation,USD,NYQ,EQUITY,Industrials,Aerospace & Defense,230525255680.0,270456340480.0,32.17669,22.653973,3.521715,0.08029,0.087,0.325,171.179993,214.5,130.9,,,https://www.sec.gov/edgar/searchedgar/companysearch.html?q=RTX,,yfinance (indicative)
GD,General Dynamics Corporation,USD,NYQ,EQUITY,Industrials,Aerospace & Defense,90458890240.0,98153299968.0,21.024513,18.486729,3.463414,0.08068,0.103,0.12,334.5,369.7,268.1,,,https://www.sec.gov/edgar/searchedgar/companysearch.html?q=GD,,yfinance (indicative)
HII,"Huntington Ingalls Industries, ",USD,NYQ,EQUITY,Industrials,Aerospace & Defense,12852412416.0,15992187904.0,21.17987,15.952115,2.49541,0.04709,0.134,0.0,326.170013,460.0,215.05,,,https://www.sec.gov/edgar/searchedgar/companysearch.html?q=HII,,yfinance (indicative)
TXT,Textron Inc.,USD,NYQ,EQUITY,Industrials,Aerospace & Defense,15436124160.0,18623797248.0,16.94084,12.158658,1.928692,0.0615,0.118,0.106,88.769997,101.57,72.0,,,https://www.sec.gov/edgar/searchedgar/companysearch.html?q=TXT,,yfinance (indicative)
JCI,Johnson Controls International ,USD,NYQ,EQUITY,Industrials,Building Products & Equipment,87295336448.0,97335066624.0,43.889572,25.163694,6.457844,0.14452,0.082,0.389,143.080002,147.32,96.01,,,https://www.sec.gov/edgar/searchedgar/companysearch.html?q=JCI,,yfinance (indicative)
NDSN,Nordson Corporation,USD,NMS,EQUITY,Industrials,Specialty Industrial Machinery,15333795840.0,17597911040.0,29.716757,22.284468,4.927136,0.18386,0.088,0.442,274.880005,305.28,191.99,,,https://www.sec.gov/edgar/searchedgar/companysearch.html?q=NDSN,,yfinance (indicative)
WSO,"Watsco, Inc.",USD,NYQ,EQUITY,Industrials,Industrial Distribution,16391085056.0,17263149056.0,33.07219,28.203983,5.934262,0.0685,0.001,-0.031,403.149994,494.94,323.05,,,https://www.sec.gov/edgar/searchedgar/companysearch.html?q=WSO,,yfinance (indicative)
ALLE,Allegion plc,USD,NYQ,EQUITY,Industrials,Security & Protection Services,10797841408.0,13185128448.0,17.1653,13.164194,5.138849,0.15237,0.097,-0.07,125.650002,183.11,125.57,,,https://www.sec.gov/edgar/searchedgar/companysearch.html?q=ALLE,,yfinance (indicative)
PNR,Pentair plc.,USD,NYQ,EQUITY,Industrials,Specialty Industrial Machinery,11745489920.0,14114922496.0,18.261307,12.495767,3.066279,0.15975,0.026,0.13,72.68,113.95,72.6,,,https://www.sec.gov/edgar/searchedgar/companysearch.html?q=PNR,,yfinance (indicative)
GGG,Graco Inc.,USD,NYQ,EQUITY,Industrials,Specialty Industrial Machinery,12567110656.0,12040603648.0,24.745098,22.42652,4.580762,0.2296,0.022,-0.028,75.720001,95.69,75.581,,,https://www.sec.gov/edgar/searchedgar/companysearch.html?q=GGG,,yfinance (indicative)
IEX,IDEX Corporation,USD,NYQ,EQUITY,Industrials,Specialty Industrial Machinery,15372187648.0,16958482432.0,30.723372,22.50943,3.810406,0.14382,0.089,0.278,207.690002,223.85,157.25,,,https://www.sec.gov/edgar/searchedgar/companysearch.html?q=IEX,,yfinance (indicative)
XYL,Xylem Inc.,USD,NYQ,EQUITY,Industrials,Specialty Industrial Machinery,25699420160.0,27523176448.0,26.895523,17.767086,2.29408,0.10791,0.027,0.145,108.120003,154.27,108.04,,,https://www.sec.gov/edgar/searchedgar/companysearch.html?q=XYL,,yfinance (indicative)
ROP,"Roper Technologies, Inc.",USD,NMS,EQUITY,Technology,Software - Application,32384380928.0,42167775232.0,20.03121,13.430953,1.720588,0.21123,0.113,0.592,320.899994,584.03,305.96,,,https://www.sec.gov/edgar/searchedgar/companysearch.html?q=ROP,,yfinance (indicative)
FLS,Flowserve Corporation,USD,NYQ,EQUITY,Industrials,Specialty Industrial Machinery,8316403200.0,9855517696.0,23.922794,14.103219,3.771955,0.07609,-0.067,0.143,65.07,92.41,45.11,,,https://www.sec.gov/edgar/searchedgar/companysearch.html?q=FLS,,yfinance (indicative)
CMI,Cummins Inc.,USD,NYQ,EQUITY,Industrials,Specialty Industrial Machinery,96113532928.0,104941264896.0,36.145824,20.975916,7.781849,0.07886,0.027,-0.21,696.530029,718.08,307.9,,,https://www.sec.gov/edgar/searchedgar/companysearch.html?q=CMI,,yfinance (indicative)
B,Barrick Mining Corporation,USD,NYQ,EQUITY,Basic Materials,Gold,68206055424.0,79343943680.0,11.218232,8.860486,2.488815,0.32141,0.667,2.542,40.610001,54.69,17.41,,,https://www.sec.gov/edgar/searchedgar/companysearch.html?q=B,,yfinance (indicative)
FTV,Fortive Corporation,USD,NYQ,EQUITY,Technology,Scientific & Technical Instruments,17901438976.0,21196711936.0,34.541176,18.24169,2.950012,0.12837,0.077,-0.124,58.720001,62.805,46.34,,,https://www.sec.gov/edgar/searchedgar/companysearch.html?q=FTV,,yfinance (indicative)
ITT,ITT Inc.,USD,NYQ,EQUITY,Industrials,Specialty Industrial Machinery,17480134656.0,21505796096.0,34.255283,21.15639,4.092075,0.10799,0.327,-0.331,194.570007,225.26,145.41,,,https://www.sec.gov/edgar/searchedgar/companysearch.html?q=ITT,,yfinance (indicative)
DHR,Danaher Corporation,USD,NYQ,EQUITY,Healthcare,Diagnostics & Research,114595143680.0,130447581184.0,31.317215,17.802383,2.164051,0.14888,0.037,0.098,161.910004,242.8,160.93,,,https://www.sec.gov/edgar/searchedgar/companysearch.html?q=DHR,,yfinance (indicative)
AOS,A.O. Smith Corporation,USD,NYQ,EQUITY,Industrials,Specialty Industrial Machinery,7719780864.0,8442925568.0,14.936,13.401477,4.110825,0.13841,-0.019,-0.105,56.009998,81.87,55.98,,,https://www.sec.gov/edgar/searchedgar/companysearch.html?q=AOS,,yfinance (indicative)
DOV,Dover Corporation,USD,NYQ,EQUITY,Industrials,Specialty Industrial Machinery,28382584832.0,30514216960.0,26.34625,18.184202,3.789464,0.13304,0.101,0.053,210.770004,237.54,158.97,,,https://www.sec.gov/edgar/searchedgar/companysearch.html?q=DOV,,yfinance (indicative)
FAST,Fastenal Company,USD,NMS,EQUITY,Industrials,Industrial Distribution,49663995904.0,50627481600.0,38.283184,31.637838,12.593886,0.15392,0.124,0.138,43.259998,50.63,38.97,,,https://www.sec.gov/edgar/searchedgar/companysearch.html?q=FAST,,yfinance (indicative)
GNRC,Generac Holdlings Inc.,USD,NYQ,EQUITY,Industrials,Specialty Industrial Machinery,15522493440.0,17405145088.0,82.143295,23.886566,5.877449,0.04368,0.124,0.699,263.679993,276.8,118.09,,,https://www.sec.gov/edgar/searchedgar/companysearch.html?q=GNRC,,yfinance (indicative)
LECO,"Lincoln Electric Holdings, Inc.",USD,NMS,EQUITY,Industrials,Tools & Accessories,14295054336.0,15659580416.0,26.898972,21.635517,9.459107,0.12378,0.117,0.176,260.920013,310.0,188.65,,,https://www.sec.gov/edgar/searchedgar/companysearch.html?q=LECO,,yfinance (indicative)
SWK,"Stanley Black & Decker, Inc.",USD,NYQ,EQUITY,Industrials,Tools & Accessories,11680930816.0,18661951488.0,30.79508,12.161272,1.286578,0.02436,0.027,-0.348,75.139999,93.37,61.9,,,https://www.sec.gov/edgar/searchedgar/companysearch.html?q=SWK,,yfinance (indicative)
WWD,"Woodward, Inc.",USD,NMS,EQUITY,Industrials,Aerospace & Defense,20806930432.0,22436622336.0,41.77153,32.52568,8.06881,0.12852,0.234,0.23,349.209991,407.0,204.03,,,https://www.sec.gov/edgar/searchedgar/companysearch.html?q=WWD,,yfinance (indicative)
TDY,Teledyne Technologies Incorpora,USD,NYQ,EQUITY,Technology,Scientific & Technical Instruments,28565618688.0,31538833408.0,31.250889,23.683535,2.708515,0.14987,0.076,0.216,616.580017,693.38,483.02,,,https://www.sec.gov/edgar/searchedgar/companysearch.html?q=TDY,,yfinance (indicative)
AME,"AMETEK, Inc.",USD,NYQ,EQUITY,Industrials,Specialty Industrial Machinery,52235362304.0,55181570048.0,34.425983,25.864395,4.783795,0.20108,0.113,0.145,227.899994,243.18,174.43,,,https://www.sec.gov/edgar/searchedgar/companysearch.html?q=AME,,yfinance (indicative)
ZBRA,Zebra Technologies Corporation,USD,NMS,EQUITY,Technology,Communication Equipment,12353720320.0,15029178368.0,31.284681,12.544634,3.584707,0.07487,0.143,0.038,259.350006,352.66,199.05,,,https://www.sec.gov/edgar/searchedgar/companysearch.html?q=ZBRA,,yfinance (indicative)
ZBH,"Zimmer Biomet Holdings, Inc.",USD,NYQ,EQUITY,Healthcare,Medical Devices,16192808960.0,23106373632.0,21.683937,9.307435,1.277297,0.09052,0.093,0.341,83.699997,108.29,79.12,,,https://www.sec.gov/edgar/searchedgar/companysearch.html?q=ZBH,,yfinance (indicative)
OTIS,Otis Worldwide Corporation,USD,NYQ,EQUITY,Industrials,Specialty Industrial Machinery,27247679488.0,35663298560.0,18.88564,15.055625,-4.822083,0.10111,0.064,0.426,71.010002,101.42,70.66,,,https://www.sec.gov/edgar/searchedgar/companysearch.html?q=OTIS,,yfinance (indicative)
WAB,Westinghouse Air Brake Technolo,USD,NYQ,EQUITY,Industrials,Railroads,44777848832.0,52160167936.0,37.379604,21.760336,4.040667,0.10515,0.13,0.128,263.899994,275.84,184.26,,,https://www.sec.gov/edgar/searchedgar/companysearch.html?q=WAB,,yfinance (indicative)
VMI,"Valmont Industries, Inc.",USD,NYQ,EQUITY,Industrials,Conglomerates,9837868032.0,10786500608.0,28.168427,19.975136,6.062908,0.08911,0.062,0.275,506.75,528.49,305.07,,,https://www.sec.gov/edgar/searchedgar/companysearch.html?q=VMI,,yfinance (indicative)
JNJ,Johnson & Johnson,USD,NYQ,EQUITY,Healthcare,Drug Manufacturers - General,545740161024.0,588521668608.0,26.269989,17.83708,6.72032,0.21834,0.099,-0.529,226.710007,251.71,149.04,,,https://www.sec.gov/edgar/searchedgar/companysearch.html?q=JNJ,,yfinance (indicative)
PFE,"Pfizer, Inc.",USD,NYQ,EQUITY,Healthcare,Drug Manufacturers - General,144366927872.0,198713688064.0,19.335878,8.909258,1.665461,0.11831,0.054,-0.101,25.33,28.75,22.45,,,https://www.sec.gov/edgar/searchedgar/companysearch.html?q=PFE,,yfinance (indicative)
MRK,"Merck & Company, Inc.",USD,NYQ,EQUITY,Healthcare,Drug Manufacturers - General,275089031168.0,323570794496.0,31.374647,11.696177,5.995908,0.13586,0.049,,111.379997,125.14,74.37,,,https://www.sec.gov/edgar/searchedgar/companysearch.html?q=MRK,,yfinance (indicative)
ABT,Abbott Laboratories,USD,NYQ,EQUITY,Healthcare,Medical Devices,147130957824.0,175360868352.0,23.661066,13.929864,2.826124,0.13905,0.078,-0.197,84.470001,139.06,81.97,,,https://www.sec.gov/edgar/searchedgar/companysearch.html?q=ABT,,yfinance (indicative)
BAX,Baxter International Inc.,USD,NYQ,EQUITY,Healthcare,Medical Instruments & Supplies,8934913024.0,16825819136.0,,8.601744,1.478506,-0.097,0.029,,17.299999,32.04,15.73,,,https://www.sec.gov/edgar/searchedgar/companysearch.html?q=BAX,,yfinance (indicative)
MDT,Medtronic plc.,USD,NYQ,EQUITY,Healthcare,Medical Devices,97767841792.0,118719627264.0,21.27095,12.558629,1.995075,0.13,0.087,-0.118,76.150002,106.33,74.4,,,https://www.sec.gov/edgar/searchedgar/companysearch.html?q=MDT,,yfinance (indicative)
HOLX,"Hologic, Inc.",USD,NMS,EQUITY,Healthcare,Medical Instruments & Supplies,16968846336.0,17122545664.0,31.53942,15.664253,3.232543,0.13178,0.025,-0.092,,76.07,51.9,,,https://www.sec.gov/edgar/searchedgar/companysearch.html?q=HOLX,,yfinance (indicative)
UNH,UnitedHealth Group Incorporated,USD,NYQ,EQUITY,Healthcare,Healthcare Plans,357672681472.0,416557334528.0,29.635065,18.977367,3.791613,0.02678,0.02,0.007,393.850006,404.15,234.6,,,https://www.sec.gov/edgar/searchedgar/companysearch.html?q=UNH,,yfinance (indicative)
CVS,CVS Health Corporation,USD,NYQ,EQUITY,Healthcare,Healthcare Plans,122348666880.0,190680334336.0,42.05702,11.466201,1.575972,0.00723,0.061,0.631,95.889999,98.43,58.5,,,https://www.sec.gov/edgar/searchedgar/companysearch.html?q=CVS,,yfinance (indicative)
CI,The Cigna Group,USD,NYQ,EQUITY,Healthcare,Healthcare Plans,75463155712.0,101298544640.0,11.461229,8.503596,1.788258,0.02263,0.046,0.291,285.269989,338.89,239.51,,,https://www.sec.gov/edgar/searchedgar/companysearch.html?q=CI,,yfinance (indicative)
HUM,Humana Inc.,USD,NYQ,EQUITY,Healthcare,Healthcare Plans,36633165824.0,28652533760.0,32.5635,19.890352,2.083868,0.00824,0.235,-0.046,305.119995,315.35,163.11,,,https://www.sec.gov/edgar/searchedgar/companysearch.html?q=HUM,,yfinance (indicative)
ELV,"Elevance Health, Inc.",USD,NYQ,EQUITY,Healthcare,Healthcare Plans,85275320320.0,81059487744.0,16.638983,13.426105,1.944249,0.02616,0.026,-0.168,392.679993,412.96,273.71,,,https://www.sec.gov/edgar/searchedgar/companysearch.html?q=ELV,,yfinance (indicative)
CNC,Centene Corporation,USD,NYQ,EQUITY,Healthcare,Healthcare Plans,28773550080.0,21715884032.0,,13.06183,1.342781,-0.03613,0.051,0.183,58.27,62.21,25.08,,,https://www.sec.gov/edgar/searchedgar/companysearch.html?q=CNC,,yfinance (indicative)
MOH,Molina Healthcare Inc,USD,NYQ,EQUITY,Healthcare,Healthcare Plans,9637979136.0,4428279808.0,49.462566,20.143736,2.357702,0.00436,-0.043,-0.95,184.990005,327.68,121.06,,,https://www.sec.gov/edgar/searchedgar/companysearch.html?q=MOH,,yfinance (indicative)
XRAY,DENTSPLY SIRONA Inc.,USD,NMS,EQUITY,Healthcare,Medical Instruments & Supplies,2017289728.0,4241400832.0,,6.551681,1.501193,-0.17061,0.001,,10.07,17.09,9.85,,,https://www.sec.gov/edgar/searchedgar/companysearch.html?q=XRAY,,yfinance (indicative)
ALGN,"Align Technology, Inc.",USD,NMS,EQUITY,Healthcare,Medical Instruments & Supplies,11261950976.0,10553067520.0,26.384228,12.711046,2.714061,0.10496,0.062,0.239,157.25,208.31,122.0,,,https://www.sec.gov/edgar/searchedgar/companysearch.html?q=ALGN,,yfinance (indicative)
TECH,Bio-Techne Corp,USD,NMS,EQUITY,Healthcare,Biotechnology,6779426816.0,7081094144.0,61.857143,20.976345,3.356329,0.09049,-0.015,1.286,43.299999,72.16,43.195,,,https://www.sec.gov/edgar/searchedgar/companysearch.html?q=TECH,,yfinance (indicative)
DGX,Quest Diagnostics Incorporated,USD,NYQ,EQUITY,Healthcare,Diagnostics & Research,20657061888.0,27198287872.0,20.59713,15.989615,2.812086,0.0908,0.092,0.155,186.610001,213.5,164.65,,,https://www.sec.gov/edgar/searchedgar/companysearch.html?q=DGX,,yfinance (indicative)
LH,Labcorp Holdings Inc.,USD,NYQ,EQUITY,Healthcare,Diagnostics & Research,20532799488.0,27159840768.0,22.198582,12.88136,2.387855,0.06656,0.058,0.329,250.399994,293.72,239.75,,,https://www.sec.gov/edgar/searchedgar/companysearch.html?q=LH,,yfinance (indicative)
A,"Agilent Technologies, Inc.",USD,NYQ,EQUITY,Healthcare,Diagnostics & Research,31566675968.0,33799538688.0,24.657835,16.970165,4.571124,0.18259,0.07,-0.036,111.699997,160.27,107.07,,,https://www.sec.gov/edgar/searchedgar/companysearch.html?q=A,,yfinance (indicative)
ILMN,"Illumina, Inc.",USD,NMS,EQUITY,Healthcare,Diagnostics & Research,21566300160.0,23061211136.0,25.916363,24.11216,8.149799,0.19417,0.048,0.061,142.539993,155.53,78.55,,,https://www.sec.gov/edgar/searchedgar/companysearch.html?q=ILMN,,yfinance (indicative)
TDOC,"Teladoc Health, Inc.",USD,NYQ,EQUITY,Healthcare,Health Information Services,1148063232.0,1480503552.0,,-9.822394,0.818427,-0.06807,-0.025,,6.36,9.77,4.4,,,https://www.sec.gov/edgar/searchedgar/companysearch.html?q=TDOC,,yfinance (indicative)
RMD,ResMed Inc.,USD,NYQ,EQUITY,Healthcare,Medical Instruments & Supplies,29283983360.0,28550770688.0,19.467695,16.609474,4.652256,0.2744,0.108,0.105,201.880005,293.81,198.61,,,https://www.sec.gov/edgar/searchedgar/companysearch.html?q=RMD,,yfinance (indicative)
BIIB,Biogen Inc.,USD,NMS,EQUITY,Healthcare,Drug Manufacturers - General,28486582272.0,30532515840.0,20.74731,11.62776,1.526902,0.13805,0.019,0.311,192.949997,205.97,121.05,,,https://www.sec.gov/edgar/searchedgar/companysearch.html?q=BIIB,,yfinance (indicative)
BNTX,BioNTech SE,USD,NMS,EQUITY,Healthcare,Biotechnology,22645786624.0,9859022848.0,,-16.34164,1.033801,-0.44639,-0.354,,89.550003,124.0,79.52,,,https://www.sec.gov/edgar/searchedgar/companysearch.html?q=BNTX,,yfinance (indicative)
SRPT,"Sarepta Therapeutics, Inc.",USD,NMS,EQUITY,Healthcare,Biotechnology,1852862592.0,2366020864.0,50.142857,5.995777,1.230974,0.02979,-0.019,,17.549999,44.14,10.42,,,https://www.sec.gov/edgar/searchedgar/companysearch.html?q=SRPT,,yfinance (indicative)
EXAS,Exact Sciences Corporation,USD,NCM,EQUITY,Healthcare,Diagnostics & Research,20026083328.0,21596198912.0,,55.215794,8.336778,-0.06404,0.231,,,104.98,38.8118,,,https://www.sec.gov/edgar/searchedgar/companysearch.html?q=EXAS,,yfinance (indicative)
NVAX,"Novavax, Inc.",USD,NMS,EQUITY,Healthcare,Biotechnology,1489809408.0,1042222400.0,,-16.697077,-11.526718,-0.14729,-0.791,,9.06,11.97,6.13,,,https://www.sec.gov/edgar/searchedgar/companysearch.html?q=NVAX,,yfinance (indicative)
SWTX,,,,NONE,,,,,,,,,,,,,,,,https://www.sec.gov/edgar/searchedgar/companysearch.html?q=SWTX,,yfinance (indicative)
DNA,"Ginkgo Bioworks Holdings, Inc.",USD,NYQ,EQUITY,Healthcare,Biotechnology,503651840.0,550041280.0,,-2.401869,1.07277,-2.01054,-0.491,,7.71,17.58,5.37,,,https://www.sec.gov/edgar/searchedgar/companysearch.html?q=DNA,,yfinance (indicative)
RXRX,"Recursion Pharmaceuticals, Inc.",USD,NMS,EQUITY,Healthcare,Biotechnology,1555133312.0,1028813824.0,,-3.334282,1.517348,0.0,-0.561,,2.93,7.18,2.8,,,https://www.sec.gov/edgar/searchedgar/companysearch.html?q=RXRX,,yfinance (indicative)
ACMR,"ACM Research, Inc.",USD,NGM,EQUITY,Technology,Semiconductor Equipment & Materials,4216537600.0,3758604544.0,48.603054,28.255959,2.66569,0.09477,0.342,-0.187,63.669998,71.65,21.873,,,https://www.sec.gov/edgar/searchedgar/companysearch.html?q=ACMR,,yfinance (indicative)
KLIC,"Kulicke and Soffa Industries, I",USD,NMS,EQUITY,Technology,Semiconductor Equipment & Materials,5340046848.0,4999250944.0,99.06796,24.084953,6.226507,0.07164,0.498,,102.040001,107.01,31.21,,,https://www.sec.gov/edgar/searchedgar/companysearch.html?q=KLIC,,yfinance (indicative)
ONTO,Onto Innovation Inc.,USD,NYQ,EQUITY,Technology,Semiconductor Equipment & Materials,13518809088.0,13138732032.0,125.819435,28.611673,6.430143,0.10325,0.095,-0.485,271.769989,316.0,89.4,,,https://www.sec.gov/edgar/searchedgar/companysearch.html?q=ONTO,,yfinance (indicative)
BRKS,,,,NONE,,,,,,,,,,,,,,,,https://www.sec.gov/edgar/searchedgar/companysearch.html?q=BRKS,,yfinance (indicative)
CAMT,Camtek Ltd.,USD,NGM,EQUITY,Technology,Semiconductor Equipment & Materials,7845863936.0,7707731456.0,171.78572,37.205822,11.35735,0.09629,0.025,-0.1,168.350006,215.99,62.88,,,https://www.sec.gov/edgar/searchedgar/companysearch.html?q=CAMT,,yfinance (indicative)
COHU,"Cohu, Inc.",USD,NMS,EQUITY,Technology,Semiconductor Equipment & Materials,2223845888.0,2151083008.0,,32.351044,2.891492,-0.11539,0.293,,47.139999,52.43,16.46,,,https://www.sec.gov/edgar/searchedgar/companysearch.html?q=COHU,,yfinance (indicative)
AEHR,Aehr Test Systems,USD,NCM,EQUITY,Technology,Semiconductor Equipment & Materials,3129598720.0,3317852928.0,,663.3333,22.190008,-0.25226,-0.437,,99.5,108.75,8.31,,,https://www.sec.gov/edgar/searchedgar/companysearch.html?q=AEHR,,yfinance (indicative)
VPG,"Vishay Precision Group, Inc.",USD,NYQ,EQUITY,Technology,Scientific & Technical Instruments,1294453376.0,1296283392.0,216.26668,53.767956,3.867276,0.0185,0.176,,97.32,105.17,24.89,,,https://www.sec.gov/edgar/searchedgar/companysearch.html?q=VPG,,yfinance (indicative)
SMTC,Semtech Corporation,USD,NMS,EQUITY,Technology,Semiconductors,12816280576.0,13443802112.0,,47.27168,23.202967,-0.03845,0.093,,137.639999,143.34,34.59,,,https://www.sec.gov/edgar/searchedgar/companysearch.html?q=SMTC,,yfinance (indicative)
INDI,"indie Semiconductor, Inc.",USD,NCM,EQUITY,Technology,Semiconductors,885299200.0,1193593728.0,,29.196571,2.699742,-0.69346,0.026,,4.19,6.05,2.29,,,https://www.sec.gov/edgar/searchedgar/companysearch.html?q=INDI,,yfinance (indicative)
LASR,"nLIGHT, Inc.",USD,NMS,EQUITY,Technology,Semiconductors,4265062400.0,4290709248.0,,111.92196,9.533476,-0.05082,0.552,,75.610001,86.95,12.17,,,https://www.sec.gov/edgar/searchedgar/companysearch.html?q=LASR,,yfinance (indicative)
MVIS,"Microvision, Inc.",USD,NGM,EQUITY,Technology,Scientific & Technical Instruments,182063984.0,192334672.0,,-2.930527,3.076243,0.0,0.587,,0.5568,1.73,0.51,,,https://www.sec.gov/edgar/searchedgar/companysearch.html?q=MVIS,,yfinance (indicative)
