ticker,reddit_mentions_7d,reddit_bull_pct,reddit_bear_pct,reddit_signal,x_mentions_7d,x_signal,combined_signal,last_updated
NVDA,35,62,38,bull,N/A,N/A,bull,2026-05-14T19:45:24Z
TER,1,100,0,bull,N/A,N/A,bull,2026-05-14T19:45:24Z
ARGX.BR,0,0,0,no data,N/A,N/A,no data,2026-05-14T19:45:24Z
GMAB.CO,0,0,0,no data,N/A,N/A,no data,2026-05-14T19:45:24Z
MU,44,68,32,bull,N/A,N/A,bull,2026-05-14T19:45:24Z
MPWR,0,0,0,no data,N/A,N/A,no data,2026-05-14T19:45:24Z
AVGO,5,78,22,bull,N/A,N/A,bull,2026-05-14T19:45:24Z
SNPS,1,0,100,bear,N/A,N/A,bear,2026-05-14T19:45:24Z
VEEV,1,0,100,bear,N/A,N/A,bear,2026-05-14T19:45:24Z
ANET,1,33,67,bear,N/A,N/A,bear,2026-05-14T19:45:24Z
FTNT,1,0,100,bear,N/A,N/A,bear,2026-05-14T19:45:24Z
SAF.PA,0,0,0,no data,N/A,N/A,no data,2026-05-14T19:45:24Z
CGNX,0,0,0,no data,N/A,N/A,no data,2026-05-14T19:45:24Z
BE,234,66,34,bull,N/A,N/A,bull,2026-05-14T19:45:24Z
UUUU,1,0,0,mixed,N/A,N/A,mixed,2026-05-14T19:45:24Z
IONQ,0,0,0,no data,N/A,N/A,no data,2026-05-14T19:45:24Z
QUBT,0,0,0,no data,N/A,N/A,no data,2026-05-14T19:45:24Z
APLD,0,0,0,no data,N/A,N/A,no data,2026-05-14T19:45:24Z
VST,0,0,0,no data,N/A,N/A,no data,2026-05-14T19:45:24Z
CHKP,0,0,0,no data,N/A,N/A,no data,2026-05-14T19:45:24Z
